------------------------------------ Master ------------------------------------
-- creating seq for master volume discount --
CREATE SEQUENCE  "MSTB_VOL_DISC_MASTER_SQ1"  MINVALUE 1 MAXVALUE 99999999 INCREMENT BY 1 START WITH 2 CACHE 10 NOORDER  NOCYCLE ;
-- master volume discount --
CREATE TABLE MSTB_VOL_DISC_MASTER (
	VOLUME_DISCOUNT_PLAN_NO NUMBER(8) NOT NULL,
	VOLUME_DISCOUNT_PLAN_NAME VARCHAR2(80) NOT NULL,
	VERSION NUMBER(9,0) DEFAULT 0,
	CONSTRAINT MSTB_VOL_DISC_MASTER_PK PRIMARY KEY(VOLUME_DISCOUNT_PLAN_NO)
);
-- dumping some default values --
Insert into MSTB_VOL_DISC_MASTER (VOLUME_DISCOUNT_PLAN_NO,VOLUME_DISCOUNT_PLAN_NAME,VERSION) values (1,'VOLUME DISCOUNT (DOLLAR TYPE)',0);
Insert into MSTB_VOL_DISC_MASTER (VOLUME_DISCOUNT_PLAN_NO,VOLUME_DISCOUNT_PLAN_NAME,VERSION) values (2,'VOLUME DISCOUNT (TRIP TYPE)',0);
-- creating seq for master volume discount detail --
CREATE SEQUENCE  "MSTB_VOL_DISC_DETAIL_SQ1"  MINVALUE 1 MAXVALUE 99999999 INCREMENT BY 1 START WITH 3 CACHE 10 NOORDER  NOCYCLE ;
-- master volume discount detail --
CREATE TABLE MSTB_VOL_DISC_DETAIL (
	VOLUME_DISCOUNT_PLAN_DETAIL_NO NUMBER(8) NOT NULL,
	VOLUME_DISCOUNT_PLAN_NO NUMBER(8) NOT NULL,
	VOLUME_DISCOUNT_TYPE VARCHAR2(1) NOT NULL,
	EFFECTIVE_DT TIMESTAMP NOT NULL,
	VERSION NUMBER(9,0) DEFAULT 0,
	CONSTRAINT MSTB_VOL_DISC_DETAIL_FK1 FOREIGN KEY(VOLUME_DISCOUNT_PLAN_NO) REFERENCES MSTB_VOL_DISC_MASTER(VOLUME_DISCOUNT_PLAN_NO),
	CONSTRAINT MSCT_VOL_DISC_DETAIL_U1 UNIQUE (VOLUME_DISCOUNT_PLAN_NO, EFFECTIVE_DT),
--	CONSTRAINT VOLUME_DISCOUNT_PLAN_DETAIL1 CHECK(VOLUME_DISCOUNT_TYPE IN('T','D')),
	CONSTRAINT MSTB_VOL_DISC_DETAIL_PK PRIMARY KEY(VOLUME_DISCOUNT_PLAN_DETAIL_NO)
);
-- creating indexes --
CREATE INDEX MSTB_VOL_DISC_DETAIL_N1 ON MSTB_VOL_DISC_DETAIL (VOLUME_DISCOUNT_PLAN_NO);
CREATE INDEX MSTB_VOL_DISC_DETAIL_N2 ON MSTB_VOL_DISC_DETAIL(EFFECTIVE_DT);
-- dumping some data INTO it
Insert into MSTB_VOL_DISC_DETAIL (VOLUME_DISCOUNT_PLAN_DETAIL_NO,VOLUME_DISCOUNT_PLAN_NO,VOLUME_DISCOUNT_TYPE,EFFECTIVE_DT,VERSION) values (1,1,'D',to_timestamp('01-JAN-09 12.00.00.000000000 AM','DD-MON-RR HH.MI.SS.FF AM'),0);
Insert into MSTB_VOL_DISC_DETAIL (VOLUME_DISCOUNT_PLAN_DETAIL_NO,VOLUME_DISCOUNT_PLAN_NO,VOLUME_DISCOUNT_TYPE,EFFECTIVE_DT,VERSION) values (2,2,'T',to_timestamp('01-JAN-09 12.00.00.000000000 AM','DD-MON-RR HH.MI.SS.FF AM'),0);
-- creating seq for master volume discount tier --
CREATE SEQUENCE  "MSTB_VOL_DISC_TIER_SQ1"  MINVALUE 1 MAXVALUE 99999999 INCREMENT BY 1 START WITH 11 CACHE 10 NOORDER  NOCYCLE ;
-- master volume discount tier --
CREATE TABLE MSTB_VOL_DISC_TIER (
	VOLUME_DISCOUNT_PLAN_TIER_NO NUMBER(8) NOT NULL,
	VOLUME_DISCOUNT_PLAN_DETAIL_NO NUMBER(8) NOT NULL,
	VOLUME_DISCOUNT NUMBER(4,2) NOT NULL,
	START_RANGE NUMBER(10,2) NOT NULL,
	END_RANGE NUMBER(10,2) NOT NULL,
	VERSION NUMBER(9,0) DEFAULT 0,
	CONSTRAINT MSTB_VOL_DISC_TIER_C1 CHECK(START_RANGE <= END_RANGE),
	CONSTRAINT MSTB_VOL_DISC_TIER_FK1 FOREIGN KEY(VOLUME_DISCOUNT_PLAN_DETAIL_NO) REFERENCES MSTB_VOL_DISC_DETAIL(VOLUME_DISCOUNT_PLAN_DETAIL_NO),
	CONSTRAINT MSTB_VOL_DISC_TIER_PK PRIMARY KEY(VOLUME_DISCOUNT_PLAN_TIER_NO)
);
-- creating indexes --
CREATE INDEX MSTB_VOL_DISC_TIER_N1 ON MSTB_VOL_DISC_TIER (VOLUME_DISCOUNT_PLAN_DETAIL_NO);
CREATE INDEX MSTB_VOL_DISC_TIER_N2 ON MSTB_VOL_DISC_TIER(VOLUME_DISCOUNT_PLAN_DETAIL_NO, START_RANGE, END_RANGE);
-- dumping some data INTO it
Insert into MSTB_VOL_DISC_TIER (VOLUME_DISCOUNT_PLAN_TIER_NO,VOLUME_DISCOUNT_PLAN_DETAIL_NO,VOLUME_DISCOUNT,START_RANGE,END_RANGE,VERSION) values (1,1,1,0,199.99,0);
Insert into MSTB_VOL_DISC_TIER (VOLUME_DISCOUNT_PLAN_TIER_NO,VOLUME_DISCOUNT_PLAN_DETAIL_NO,VOLUME_DISCOUNT,START_RANGE,END_RANGE,VERSION) values (2,1,2,200,399.99,0);
Insert into MSTB_VOL_DISC_TIER (VOLUME_DISCOUNT_PLAN_TIER_NO,VOLUME_DISCOUNT_PLAN_DETAIL_NO,VOLUME_DISCOUNT,START_RANGE,END_RANGE,VERSION) values (3,1,3,400,599.99,0);
Insert into MSTB_VOL_DISC_TIER (VOLUME_DISCOUNT_PLAN_TIER_NO,VOLUME_DISCOUNT_PLAN_DETAIL_NO,VOLUME_DISCOUNT,START_RANGE,END_RANGE,VERSION) values (4,1,4,600,799.99,0);
Insert into MSTB_VOL_DISC_TIER (VOLUME_DISCOUNT_PLAN_TIER_NO,VOLUME_DISCOUNT_PLAN_DETAIL_NO,VOLUME_DISCOUNT,START_RANGE,END_RANGE,VERSION) values (5,1,5,800,99999999.99,0);
Insert into MSTB_VOL_DISC_TIER (VOLUME_DISCOUNT_PLAN_TIER_NO,VOLUME_DISCOUNT_PLAN_DETAIL_NO,VOLUME_DISCOUNT,START_RANGE,END_RANGE,VERSION) values (6,2,1,0,49.99,0);
Insert into MSTB_VOL_DISC_TIER (VOLUME_DISCOUNT_PLAN_TIER_NO,VOLUME_DISCOUNT_PLAN_DETAIL_NO,VOLUME_DISCOUNT,START_RANGE,END_RANGE,VERSION) values (7,2,2,50,99.99,0);
Insert into MSTB_VOL_DISC_TIER (VOLUME_DISCOUNT_PLAN_TIER_NO,VOLUME_DISCOUNT_PLAN_DETAIL_NO,VOLUME_DISCOUNT,START_RANGE,END_RANGE,VERSION) values (8,2,3,100,149.99,0);
Insert into MSTB_VOL_DISC_TIER (VOLUME_DISCOUNT_PLAN_TIER_NO,VOLUME_DISCOUNT_PLAN_DETAIL_NO,VOLUME_DISCOUNT,START_RANGE,END_RANGE,VERSION) values (9,2,4,150,199.99,0);
Insert into MSTB_VOL_DISC_TIER (VOLUME_DISCOUNT_PLAN_TIER_NO,VOLUME_DISCOUNT_PLAN_DETAIL_NO,VOLUME_DISCOUNT,START_RANGE,END_RANGE,VERSION) values (10,2,5,200,99999999.99,0);
-- creating seq for master product discount --
CREATE SEQUENCE  "MSTB_PROD_DISC_MASTER_SQ1"  MINVALUE 1 MAXVALUE 99999999 INCREMENT BY 1 START WITH 2 CACHE 10 NOORDER  NOCYCLE ;
-- master product discount --
CREATE TABLE MSTB_PROD_DISC_MASTER (
	PRODUCT_DISCOUNT_PLAN_NO NUMBER(8) NOT NULL,
	PRODUCT_DISCOUNT_PLAN_NAME VARCHAR2(80) NOT NULL,
	VERSION NUMBER(9,0) DEFAULT 0,
	CONSTRAINT MSTB_PROD_DISC_MASTER_PK PRIMARY KEY(PRODUCT_DISCOUNT_PLAN_NO)
);
-- dumping some default values --
Insert into MSTB_PROD_DISC_MASTER (PRODUCT_DISCOUNT_PLAN_NO,PRODUCT_DISCOUNT_PLAN_NAME,VERSION) values (1,'PRODUCT DISCOUNT 1%',0);
Insert into MSTB_PROD_DISC_MASTER (PRODUCT_DISCOUNT_PLAN_NO,PRODUCT_DISCOUNT_PLAN_NAME,VERSION) values (2,'PRODUCT DISCOUNT 2%',0);
Insert into MSTB_PROD_DISC_MASTER (PRODUCT_DISCOUNT_PLAN_NO,PRODUCT_DISCOUNT_PLAN_NAME,VERSION) values (3,'PRODUCT DISCOUNT 3%',0);
Insert into MSTB_PROD_DISC_MASTER (PRODUCT_DISCOUNT_PLAN_NO,PRODUCT_DISCOUNT_PLAN_NAME,VERSION) values (4,'PRODUCT DISCOUNT 4%',0);
Insert into MSTB_PROD_DISC_MASTER (PRODUCT_DISCOUNT_PLAN_NO,PRODUCT_DISCOUNT_PLAN_NAME,VERSION) values (5,'PRODUCT DISCOUNT 5%',0);
-- creating seq for master product discount detail --
CREATE SEQUENCE  "MSTB_PROD_DISC_DETAIL_SQ1"  MINVALUE 1 MAXVALUE 99999999 INCREMENT BY 1 START WITH 3 CACHE 10 NOORDER  NOCYCLE ;
-- master product discount detail --
CREATE TABLE MSTB_PROD_DISC_DETAIL (
	PROD_DISCOUNT_PLAN_DETAIL_NO NUMBER(8) NOT NULL,
	PRODUCT_DISCOUNT_PLAN_NO NUMBER(8) NOT NULL,
	EFFECTIVE_DT TIMESTAMP NOT NULL,
	PRODUCT_DISCOUNT NUMBER(4,2) NOT NULL,
	VERSION NUMBER(9,0) DEFAULT 0,
	CONSTRAINT MSTB_PROD_DISC_DETAIL_FK1 FOREIGN KEY(PRODUCT_DISCOUNT_PLAN_NO) REFERENCES MSTB_PROD_DISC_MASTER(PRODUCT_DISCOUNT_PLAN_NO),
	CONSTRAINT MSCT_PROD_DISC_DETAIL_C1 UNIQUE (PRODUCT_DISCOUNT_PLAN_NO, EFFECTIVE_DT),
	CONSTRAINT MSTB_PROD_DISC_DETAIL_PK PRIMARY KEY(PROD_DISCOUNT_PLAN_DETAIL_NO)
);
-- creating indexes --
CREATE INDEX MSTB_PROD_DISC_DETAIL_N1 ON MSTB_PROD_DISC_DETAIL (PRODUCT_DISCOUNT_PLAN_NO);
--CREATE INDEX MSTB_PROD_DISC_DETAIL_N2 ON MSTB_PROD_DISC_DETAIL (PRODUCT_DISCOUNT_PLAN_NO, EFFECTIVE_DT);
-- dumping some data INTO it
Insert into MSTB_PROD_DISC_DETAIL (PROD_DISCOUNT_PLAN_DETAIL_NO,PRODUCT_DISCOUNT_PLAN_NO,EFFECTIVE_DT,PRODUCT_DISCOUNT,VERSION) values (1,1,to_timestamp('01-JAN-09 12.00.00.000000000 AM','DD-MON-RR HH.MI.SS.FF AM'),1,0);
Insert into MSTB_PROD_DISC_DETAIL (PROD_DISCOUNT_PLAN_DETAIL_NO,PRODUCT_DISCOUNT_PLAN_NO,EFFECTIVE_DT,PRODUCT_DISCOUNT,VERSION) values (2,2,to_timestamp('01-JAN-09 12.00.00.000000000 AM','DD-MON-RR HH.MI.SS.FF AM'),2,0);
Insert into MSTB_PROD_DISC_DETAIL (PROD_DISCOUNT_PLAN_DETAIL_NO,PRODUCT_DISCOUNT_PLAN_NO,EFFECTIVE_DT,PRODUCT_DISCOUNT,VERSION) values (3,3,to_timestamp('01-JAN-09 12.00.00.000000000 AM','DD-MON-RR HH.MI.SS.FF AM'),3,0);
Insert into MSTB_PROD_DISC_DETAIL (PROD_DISCOUNT_PLAN_DETAIL_NO,PRODUCT_DISCOUNT_PLAN_NO,EFFECTIVE_DT,PRODUCT_DISCOUNT,VERSION) values (4,4,to_timestamp('01-JAN-09 12.00.00.000000000 AM','DD-MON-RR HH.MI.SS.FF AM'),4,0);
Insert into MSTB_PROD_DISC_DETAIL (PROD_DISCOUNT_PLAN_DETAIL_NO,PRODUCT_DISCOUNT_PLAN_NO,EFFECTIVE_DT,PRODUCT_DISCOUNT,VERSION) values (5,5,to_timestamp('01-JAN-09 12.00.00.000000000 AM','DD-MON-RR HH.MI.SS.FF AM'),5,0);
-- creating seq for master admin fee --
CREATE SEQUENCE  "MSTB_ADMIN_FEE_MASTER_SQ1"  MINVALUE 1 MAXVALUE 99999999 INCREMENT BY 1 START WITH 2 CACHE 10 NOORDER  NOCYCLE ;
-- master admin fee --
CREATE TABLE MSTB_ADMIN_FEE_MASTER (
	ADMIN_FEE_PLAN_NO NUMBER(8) NOT NULL,
	ADMIN_FEE_PLAN_NAME VARCHAR2(80) NOT NULL,
	VERSION NUMBER(9,0) DEFAULT 0,
	CONSTRAINT MSTB_ADMIN_FEE_MASTER_PK PRIMARY KEY(ADMIN_FEE_PLAN_NO)
);
-- dumping some default values --
Insert into MSTB_ADMIN_FEE_MASTER (ADMIN_FEE_PLAN_NO,ADMIN_FEE_PLAN_NAME,VERSION) values (1,'ADMIN FEE 5%',0);
Insert into MSTB_ADMIN_FEE_MASTER (ADMIN_FEE_PLAN_NO,ADMIN_FEE_PLAN_NAME,VERSION) values (2,'ADMIN FEE 6%',0);
Insert into MSTB_ADMIN_FEE_MASTER (ADMIN_FEE_PLAN_NO,ADMIN_FEE_PLAN_NAME,VERSION) values (3,'ADMIN FEE 7%',0);
Insert into MSTB_ADMIN_FEE_MASTER (ADMIN_FEE_PLAN_NO,ADMIN_FEE_PLAN_NAME,VERSION) values (4,'ADMIN FEE 8%',0);
Insert into MSTB_ADMIN_FEE_MASTER (ADMIN_FEE_PLAN_NO,ADMIN_FEE_PLAN_NAME,VERSION) values (5,'ADMIN FEE 9%',0);
Insert into MSTB_ADMIN_FEE_MASTER (ADMIN_FEE_PLAN_NO,ADMIN_FEE_PLAN_NAME,VERSION) values (6,'ADMIN FEE 10%',0);
-- creating seq for master admin fee detail --
CREATE SEQUENCE  "MSTB_ADMIN_FEE_DETAIL_SQ1"  MINVALUE 1 MAXVALUE 99999999 INCREMENT BY 1 START WITH 3 CACHE 10 NOORDER  NOCYCLE ;
-- master admin fee detail --
CREATE TABLE MSTB_ADMIN_FEE_DETAIL (
	ADMIN_FEE_PLAN_DETAIL_NO NUMBER(8) NOT NULL,
	ADMIN_FEE_PLAN_NO NUMBER(8) NOT NULL,
	EFFECTIVE_DT TIMESTAMP NOT NULL,
	ADMIN_FEE NUMBER(4,2) NOT NULL,
	VERSION NUMBER(9,0) DEFAULT 0,
	CONSTRAINT MSTB_ADMIN_FEE_DETAIL_FK1 FOREIGN KEY(ADMIN_FEE_PLAN_NO) REFERENCES MSTB_ADMIN_FEE_MASTER(ADMIN_FEE_PLAN_NO),
	CONSTRAINT MSCT_ADMIN_FEE_DETAIL_C1 UNIQUE (ADMIN_FEE_PLAN_NO, EFFECTIVE_DT),
	CONSTRAINT MSTB_ADMIN_FEE_DETAIL_PK PRIMARY KEY(ADMIN_FEE_PLAN_DETAIL_NO)
);
-- creating indexes --
CREATE INDEX MSTB_ADMIN_FEE_DETAIL_N1 ON MSTB_ADMIN_FEE_DETAIL (ADMIN_FEE_PLAN_NO);
CREATE INDEX MSTB_ADMIN_FEE_DETAIL_N2 ON MSTB_ADMIN_FEE_DETAIL(EFFECTIVE_DT);
-- dumping some data INTO it
Insert into MSTB_ADMIN_FEE_DETAIL (ADMIN_FEE_PLAN_DETAIL_NO,ADMIN_FEE_PLAN_NO,EFFECTIVE_DT,ADMIN_FEE,VERSION) values (1,1,to_timestamp('01-JAN-09 12.00.00.000000000 AM','DD-MON-RR HH.MI.SS.FF AM'),5,0);
Insert into MSTB_ADMIN_FEE_DETAIL (ADMIN_FEE_PLAN_DETAIL_NO,ADMIN_FEE_PLAN_NO,EFFECTIVE_DT,ADMIN_FEE,VERSION) values (2,2,to_timestamp('01-JAN-09 12.00.00.000000000 AM','DD-MON-RR HH.MI.SS.FF AM'),6,0);
Insert into MSTB_ADMIN_FEE_DETAIL (ADMIN_FEE_PLAN_DETAIL_NO,ADMIN_FEE_PLAN_NO,EFFECTIVE_DT,ADMIN_FEE,VERSION) values (3,3,to_timestamp('01-JAN-09 12.00.00.000000000 AM','DD-MON-RR HH.MI.SS.FF AM'),7,0);
Insert into MSTB_ADMIN_FEE_DETAIL (ADMIN_FEE_PLAN_DETAIL_NO,ADMIN_FEE_PLAN_NO,EFFECTIVE_DT,ADMIN_FEE,VERSION) values (4,4,to_timestamp('01-JAN-09 12.00.00.000000000 AM','DD-MON-RR HH.MI.SS.FF AM'),8,0);
Insert into MSTB_ADMIN_FEE_DETAIL (ADMIN_FEE_PLAN_DETAIL_NO,ADMIN_FEE_PLAN_NO,EFFECTIVE_DT,ADMIN_FEE,VERSION) values (5,5,to_timestamp('01-JAN-09 12.00.00.000000000 AM','DD-MON-RR HH.MI.SS.FF AM'),9,0);
Insert into MSTB_ADMIN_FEE_DETAIL (ADMIN_FEE_PLAN_DETAIL_NO,ADMIN_FEE_PLAN_NO,EFFECTIVE_DT,ADMIN_FEE,VERSION) values (6,6,to_timestamp('01-JAN-09 12.00.00.000000000 AM','DD-MON-RR HH.MI.SS.FF AM'),10,0);
-- creating seq for master CREDIT TERM --
CREATE SEQUENCE  "MSTB_CREDIT_TERM_MASTER_SQ1"  MINVALUE 1 MAXVALUE 99999999 INCREMENT BY 1 START WITH 2 CACHE 10 NOORDER  NOCYCLE ;
-- master admin fee --
CREATE TABLE MSTB_CREDIT_TERM_MASTER (
	CREDIT_TERM_PLAN_NO NUMBER(8) NOT NULL,
	CREDIT_TERM_PLAN_NAME VARCHAR2(80) NOT NULL,
	VERSION NUMBER(9,0) DEFAULT 0,
	CONSTRAINT MSTB_CREDIT_TERM_MASTER_PK PRIMARY KEY(CREDIT_TERM_PLAN_NO)
);
-- dumping some default values --
INSERT INTO MSTB_CREDIT_TERM_MASTER (CREDIT_TERM_PLAN_NO,CREDIT_TERM_PLAN_NAME) VALUES (1, 'GOVERNMENT');
-- creating seq for master CREDIT TERM detail --
CREATE SEQUENCE "MSTB_CREDIT_TERM_DETAIL_SQ1"  MINVALUE 1 MAXVALUE 99999999 INCREMENT BY 1 START WITH 3 CACHE 10 NOORDER  NOCYCLE ;
-- master CREDIT TERM detail --
CREATE TABLE MSTB_CREDIT_TERM_DETAIL (
	MSTB_CREDIT_TERM_DETAIL_NO NUMBER(8) NOT NULL,
	CREDIT_TERM_PLAN_NO NUMBER(8) NOT NULL,
	EFFECTIVE_DT TIMESTAMP NOT NULL,
	CREDIT_TERM NUMBER(4,0) NOT NULL,
	VERSION NUMBER(9,0) DEFAULT 0,
	CONSTRAINT MSTB_CREDIT_TERM_DETAIL_FK1 FOREIGN KEY(CREDIT_TERM_PLAN_NO) REFERENCES MSTB_CREDIT_TERM_MASTER(CREDIT_TERM_PLAN_NO),
	CONSTRAINT MSTB_CREDIT_TERM_DETAIL_C1 UNIQUE (CREDIT_TERM_PLAN_NO, EFFECTIVE_DT),
	CONSTRAINT MSTB_CREDIT_TERM_DETAIL_PK PRIMARY KEY(MSTB_CREDIT_TERM_DETAIL_NO)
);
-- creating indexes --
CREATE INDEX MSTB_CREDIT_TERM_DETAIL_N1 ON MSTB_CREDIT_TERM_DETAIL (CREDIT_TERM_PLAN_NO);
CREATE INDEX MSTB_CREDIT_TERM_DETAIL_N2 ON MSTB_CREDIT_TERM_DETAIL(EFFECTIVE_DT);
-- dumping some data INTO it
INSERT INTO MSTB_CREDIT_TERM_DETAIL (MSTB_CREDIT_TERM_DETAIL_NO, CREDIT_TERM_PLAN_NO, EFFECTIVE_DT, CREDIT_TERM) VALUES (1, 1, to_date('2009/01/01','yyyy/mm/dd'), 30);
INSERT INTO MSTB_CREDIT_TERM_DETAIL (MSTB_CREDIT_TERM_DETAIL_NO, CREDIT_TERM_PLAN_NO, EFFECTIVE_DT, CREDIT_TERM) VALUES (2, 1, to_date('2010/01/01','yyyy/mm/dd'), 45);
-- creating seq for master early payment --
CREATE SEQUENCE  "MSTB_EARLY_PAYMENT_MASTER_SQ1"  MINVALUE 1 MAXVALUE 99999999 INCREMENT BY 1 START WITH 2 CACHE 10 NOORDER  NOCYCLE ;
-- master early payment --
CREATE TABLE MSTB_EARLY_PAYMENT_MASTER (
	EARLY_PAYMENT_PLAN_NO NUMBER(8) NOT NULL,
	EARLY_PAYMENT_PLAN_NAME VARCHAR2(80) NOT NULL,
	VERSION NUMBER(9,0) DEFAULT 0,
	CONSTRAINT MSTB_EARLY_PAYMENT_MASTER_PK PRIMARY KEY(EARLY_PAYMENT_PLAN_NO)
);
-- dumping some default values --
Insert into MSTB_EARLY_PAYMENT_MASTER (EARLY_PAYMENT_PLAN_NO,EARLY_PAYMENT_PLAN_NAME,VERSION) values (1,'EARLY PAYMENT DISCOUNT 1%',0);
Insert into MSTB_EARLY_PAYMENT_MASTER (EARLY_PAYMENT_PLAN_NO,EARLY_PAYMENT_PLAN_NAME,VERSION) values (2,'EARLY PAYMENT DISCOUNT 2%',0);
Insert into MSTB_EARLY_PAYMENT_MASTER (EARLY_PAYMENT_PLAN_NO,EARLY_PAYMENT_PLAN_NAME,VERSION) values (3,'EARLY PAYMENT DISCOUNT 3%',0);
Insert into MSTB_EARLY_PAYMENT_MASTER (EARLY_PAYMENT_PLAN_NO,EARLY_PAYMENT_PLAN_NAME,VERSION) values (4,'EARLY PAYMENT DISCOUNT 4%',0);
Insert into MSTB_EARLY_PAYMENT_MASTER (EARLY_PAYMENT_PLAN_NO,EARLY_PAYMENT_PLAN_NAME,VERSION) values (5,'EARLY PAYMENT DISCOUNT 5%',0);
-- creating seq for master early payment detail --
CREATE SEQUENCE  "MSTB_EARLY_PAYMENT_DETAIL_SQ1"  MINVALUE 1 MAXVALUE 99999999 INCREMENT BY 1 START WITH 3 CACHE 10 NOORDER  NOCYCLE ;
-- master early payment detail --
CREATE TABLE MSTB_EARLY_PAYMENT_DETAIL (
	EARLY_PAYMENT_PLAN_DETAIL_NO NUMBER(8) NOT NULL,
	EARLY_PAYMENT_PLAN_NO NUMBER(8) NOT NULL,
	EFFECTIVE_DT TIMESTAMP NOT NULL,
	EARLY_PAYMENT NUMBER(4,2) NOT NULL,
	VERSION NUMBER(9,0) DEFAULT 0,
	CONSTRAINT MSTB_EARLY_PAYMENT_DETAIL_FK1 FOREIGN KEY(EARLY_PAYMENT_PLAN_NO) REFERENCES MSTB_EARLY_PAYMENT_MASTER(EARLY_PAYMENT_PLAN_NO),
	CONSTRAINT MSCT_EARLY_PAYMENT_DETAIL_C1 UNIQUE (EARLY_PAYMENT_PLAN_NO, EFFECTIVE_DT),
	CONSTRAINT MSTB_EARLY_PAYMENT_DETAIL_PK PRIMARY KEY(EARLY_PAYMENT_PLAN_DETAIL_NO)
);
-- creating indexes --
CREATE INDEX MSTB_EARLY_PAYMENT_DETAIL_N1 ON MSTB_EARLY_PAYMENT_DETAIL (EARLY_PAYMENT_PLAN_NO);
-- dumping some data INTO it
Insert into MSTB_EARLY_PAYMENT_DETAIL (EARLY_PAYMENT_PLAN_DETAIL_NO,EARLY_PAYMENT_PLAN_NO,EFFECTIVE_DT,EARLY_PAYMENT,VERSION) values (1,1,to_timestamp('01-JAN-09 12.00.00.000000000 AM','DD-MON-RR HH.MI.SS.FF AM'),1,0);
Insert into MSTB_EARLY_PAYMENT_DETAIL (EARLY_PAYMENT_PLAN_DETAIL_NO,EARLY_PAYMENT_PLAN_NO,EFFECTIVE_DT,EARLY_PAYMENT,VERSION) values (2,2,to_timestamp('01-JAN-09 12.00.00.000000000 AM','DD-MON-RR HH.MI.SS.FF AM'),2,0);
Insert into MSTB_EARLY_PAYMENT_DETAIL (EARLY_PAYMENT_PLAN_DETAIL_NO,EARLY_PAYMENT_PLAN_NO,EFFECTIVE_DT,EARLY_PAYMENT,VERSION) values (3,3,to_timestamp('01-JAN-09 12.00.00.000000000 AM','DD-MON-RR HH.MI.SS.FF AM'),3,0);
Insert into MSTB_EARLY_PAYMENT_DETAIL (EARLY_PAYMENT_PLAN_DETAIL_NO,EARLY_PAYMENT_PLAN_NO,EFFECTIVE_DT,EARLY_PAYMENT,VERSION) values (4,4,to_timestamp('01-JAN-09 12.00.00.000000000 AM','DD-MON-RR HH.MI.SS.FF AM'),4,0);
Insert into MSTB_EARLY_PAYMENT_DETAIL (EARLY_PAYMENT_PLAN_DETAIL_NO,EARLY_PAYMENT_PLAN_NO,EFFECTIVE_DT,EARLY_PAYMENT,VERSION) values (5,5,to_timestamp('01-JAN-09 12.00.00.000000000 AM','DD-MON-RR HH.MI.SS.FF AM'),5,0);
-- creating seq for master late payment --
CREATE SEQUENCE  "MSTB_LATE_PAYMENT_MASTER_SQ1"  MINVALUE 1 MAXVALUE 99999999 INCREMENT BY 1 START WITH 2 CACHE 10 NOORDER  NOCYCLE ;
-- master early payment --
CREATE TABLE MSTB_LATE_PAYMENT_MASTER (
	LATE_PAYMENT_PLAN_NO NUMBER(8) NOT NULL,
	LATE_PAYMENT_PLAN_NAME VARCHAR2(80) NOT NULL,
	VERSION NUMBER(9,0) DEFAULT 0,
	CONSTRAINT MSTB_LATE_PAYMENT_MASTER_PK PRIMARY KEY(LATE_PAYMENT_PLAN_NO)
);
-- dumping some default values --
Insert into MSTB_LATE_PAYMENT_MASTER (LATE_PAYMENT_PLAN_NO,LATE_PAYMENT_PLAN_NAME,VERSION) values (1,'LATE PAYMENT PENALTY 5%',0);
Insert into MSTB_LATE_PAYMENT_MASTER (LATE_PAYMENT_PLAN_NO,LATE_PAYMENT_PLAN_NAME,VERSION) values (2,'LATE PAYMENT PENALTY 6%',0);
Insert into MSTB_LATE_PAYMENT_MASTER (LATE_PAYMENT_PLAN_NO,LATE_PAYMENT_PLAN_NAME,VERSION) values (3,'LATE PAYMENT PENALTY 7%',0);
Insert into MSTB_LATE_PAYMENT_MASTER (LATE_PAYMENT_PLAN_NO,LATE_PAYMENT_PLAN_NAME,VERSION) values (4,'LATE PAYMENT PENALTY 8%',0);
Insert into MSTB_LATE_PAYMENT_MASTER (LATE_PAYMENT_PLAN_NO,LATE_PAYMENT_PLAN_NAME,VERSION) values (5,'LATE PAYMENT PENALTY 9%',0);
Insert into MSTB_LATE_PAYMENT_MASTER (LATE_PAYMENT_PLAN_NO,LATE_PAYMENT_PLAN_NAME,VERSION) values (6,'LATE PAYMENT PENALTY 10%',0);
-- creating seq for master late payment detail --
CREATE SEQUENCE  "MSTB_LATE_PAYMENT_DETAIL_SQ1"  MINVALUE 1 MAXVALUE 99999999 INCREMENT BY 1 START WITH 2 CACHE 10 NOORDER  NOCYCLE ;
-- master late payment detail --
CREATE TABLE MSTB_LATE_PAYMENT_DETAIL (
	LATE_PAYMENT_PLAN_DETAIL_NO NUMBER(8) NOT NULL,
	LATE_PAYMENT_PLAN_NO NUMBER(8) NOT NULL,
	EFFECTIVE_DT TIMESTAMP NOT NULL,
	LATE_PAYMENT NUMBER(4,2) NOT NULL,
	VERSION NUMBER(9,0) DEFAULT 0,
	CONSTRAINT MSTB_LATE_PAYMENT_DETAIL_FK1 FOREIGN KEY(LATE_PAYMENT_PLAN_NO) REFERENCES MSTB_LATE_PAYMENT_MASTER(LATE_PAYMENT_PLAN_NO),
	CONSTRAINT MSCT_LATE_PAYMENT_DETAIL_C1 UNIQUE (LATE_PAYMENT_PLAN_NO, EFFECTIVE_DT),
	CONSTRAINT MSTB_LATE_PAYMENT_DETAIL_PK PRIMARY KEY(LATE_PAYMENT_PLAN_DETAIL_NO)
);
-- creating indexes --
CREATE INDEX MSTB_LATE_PAYMENT_DETAIL_N1 ON MSTB_LATE_PAYMENT_DETAIL (LATE_PAYMENT_PLAN_NO);
CREATE INDEX MSTB_LATE_PAYMENT_DETAIL_N2 ON MSTB_LATE_PAYMENT_DETAIL(EFFECTIVE_DT);
-- dumping some data INTO it
Insert into MSTB_LATE_PAYMENT_DETAIL (LATE_PAYMENT_PLAN_DETAIL_NO,LATE_PAYMENT_PLAN_NO,EFFECTIVE_DT,LATE_PAYMENT,VERSION) values (1,1,to_timestamp('01-JAN-09 12.00.00.000000000 AM','DD-MON-RR HH.MI.SS.FF AM'),5,0);
Insert into MSTB_LATE_PAYMENT_DETAIL (LATE_PAYMENT_PLAN_DETAIL_NO,LATE_PAYMENT_PLAN_NO,EFFECTIVE_DT,LATE_PAYMENT,VERSION) values (2,2,to_timestamp('01-JAN-09 12.00.00.000000000 AM','DD-MON-RR HH.MI.SS.FF AM'),6,0);
Insert into MSTB_LATE_PAYMENT_DETAIL (LATE_PAYMENT_PLAN_DETAIL_NO,LATE_PAYMENT_PLAN_NO,EFFECTIVE_DT,LATE_PAYMENT,VERSION) values (3,3,to_timestamp('01-JAN-09 12.00.00.000000000 AM','DD-MON-RR HH.MI.SS.FF AM'),7,0);
Insert into MSTB_LATE_PAYMENT_DETAIL (LATE_PAYMENT_PLAN_DETAIL_NO,LATE_PAYMENT_PLAN_NO,EFFECTIVE_DT,LATE_PAYMENT,VERSION) values (4,4,to_timestamp('01-JAN-09 12.00.00.000000000 AM','DD-MON-RR HH.MI.SS.FF AM'),8,0);
Insert into MSTB_LATE_PAYMENT_DETAIL (LATE_PAYMENT_PLAN_DETAIL_NO,LATE_PAYMENT_PLAN_NO,EFFECTIVE_DT,LATE_PAYMENT,VERSION) values (5,5,to_timestamp('01-JAN-09 12.00.00.000000000 AM','DD-MON-RR HH.MI.SS.FF AM'),9,0);
Insert into MSTB_LATE_PAYMENT_DETAIL (LATE_PAYMENT_PLAN_DETAIL_NO,LATE_PAYMENT_PLAN_NO,EFFECTIVE_DT,LATE_PAYMENT,VERSION) values (6,6,to_timestamp('01-JAN-09 12.00.00.000000000 AM','DD-MON-RR HH.MI.SS.FF AM'),10,0);
-- creating seq for master subscription fee --
CREATE SEQUENCE  "MSTB_SUBSC_FEE_MASTER_SQ1"  MINVALUE 1 MAXVALUE 99999999 INCREMENT BY 1 START WITH 3 CACHE 10 NOORDER  NOCYCLE ;
-- master subscription fee --
CREATE TABLE MSTB_SUBSC_FEE_MASTER (
	SUBSCRIPTION_FEE_NO NUMBER(8) NOT NULL,
	SUBSCRIPTION_FEE_NAME VARCHAR2(80) NOT NULL,
	VERSION NUMBER(9,0) DEFAULT 0,
	CONSTRAINT MSTB_SUBSC_FEE_MASTER_PK PRIMARY KEY(SUBSCRIPTION_FEE_NO)
);
-- dumping some default values --
Insert into MSTB_SUBSC_FEE_MASTER (SUBSCRIPTION_FEE_NO,SUBSCRIPTION_FEE_NAME,VERSION) values (1,'SUBSCRIPTION FEE $5 MONTHLY',0);
Insert into MSTB_SUBSC_FEE_MASTER (SUBSCRIPTION_FEE_NO,SUBSCRIPTION_FEE_NAME,VERSION) values (2,'SUBSCRIPTION FEE $10 MONTHLY',0);
Insert into MSTB_SUBSC_FEE_MASTER (SUBSCRIPTION_FEE_NO,SUBSCRIPTION_FEE_NAME,VERSION) values (3,'SUBSCRIPTION FEE $15 MONTHLY',0);
Insert into MSTB_SUBSC_FEE_MASTER (SUBSCRIPTION_FEE_NO,SUBSCRIPTION_FEE_NAME,VERSION) values (4,'SUBSCRIPTION FEE $20 MONTHLY',0);
Insert into MSTB_SUBSC_FEE_MASTER (SUBSCRIPTION_FEE_NO,SUBSCRIPTION_FEE_NAME,VERSION) values (5,'SUBSCRIPTION FEE $25 MONTHLY',0);
Insert into MSTB_SUBSC_FEE_MASTER (SUBSCRIPTION_FEE_NO,SUBSCRIPTION_FEE_NAME,VERSION) values (6,'SUBSCRIPTION FEE $5 QUATERLY',0);
Insert into MSTB_SUBSC_FEE_MASTER (SUBSCRIPTION_FEE_NO,SUBSCRIPTION_FEE_NAME,VERSION) values (7,'SUBSCRIPTION FEE $10 QUATERLY',0);
Insert into MSTB_SUBSC_FEE_MASTER (SUBSCRIPTION_FEE_NO,SUBSCRIPTION_FEE_NAME,VERSION) values (8,'SUBSCRIPTION FEE $15 QUATERLY',0);
Insert into MSTB_SUBSC_FEE_MASTER (SUBSCRIPTION_FEE_NO,SUBSCRIPTION_FEE_NAME,VERSION) values (9,'SUBSCRIPTION FEE $20 QUATERLY',0);
Insert into MSTB_SUBSC_FEE_MASTER (SUBSCRIPTION_FEE_NO,SUBSCRIPTION_FEE_NAME,VERSION) values (10,'SUBSCRIPTION FEE $25 QUATERLY',0);
-- creating seq for master subscription fee detail --
CREATE SEQUENCE  "MSTB_SUBSC_FEE_DETAIL_SQ1"  MINVALUE 1 MAXVALUE 99999999 INCREMENT BY 1 START WITH 2 CACHE 10 NOORDER  NOCYCLE ;
-- master subscription fee detail --
CREATE TABLE MSTB_SUBSC_FEE_DETAIL (
	SUBSCRIPTION_FEE_DETAIL_NO NUMBER(8) NOT NULL,
	SUBSCRIPTION_FEE_NO NUMBER(8) NOT NULL,
	EFFECTIVE_DT TIMESTAMP NOT NULL,
	SUBSCRIPTION_FEE NUMBER(10,2) NOT NULL,
	RECURRING_PERIOD NUMBER(2) NOT NULL,
	VERSION NUMBER(9,0) DEFAULT 0,
	CONSTRAINT MSTB_SUBSC_FEE_DETAIL_FK1 FOREIGN KEY(SUBSCRIPTION_FEE_NO) REFERENCES MSTB_SUBSC_FEE_MASTER(SUBSCRIPTION_FEE_NO),
	CONSTRAINT MSCT_SUBSC_FEE_DETAIL_C1 UNIQUE (SUBSCRIPTION_FEE_NO, EFFECTIVE_DT),
	CONSTRAINT MSTB_SUBSC_FEE_DETAIL_PK PRIMARY KEY(SUBSCRIPTION_FEE_DETAIL_NO)
);
-- CREATING COMMENTS
COMMENT ON COLUMN MSTB_SUBSC_FEE_DETAIL.RECURRING_PERIOD IS 'NUMBER OF MONTHS';
-- creating indexes --
CREATE INDEX MSTB_SUBSC_FEE_DETAIL_N1 ON MSTB_SUBSC_FEE_DETAIL (SUBSCRIPTION_FEE_NO);
-- dumping some data INTO it
Insert into MSTB_SUBSC_FEE_DETAIL (SUBSCRIPTION_FEE_DETAIL_NO,SUBSCRIPTION_FEE_NO,EFFECTIVE_DT,SUBSCRIPTION_FEE,RECURRING_PERIOD,VERSION) values (1,1,to_timestamp('01-JAN-09 12.00.00.000000000 AM','DD-MON-RR HH.MI.SS.FF AM'),1,1,0);
Insert into MSTB_SUBSC_FEE_DETAIL (SUBSCRIPTION_FEE_DETAIL_NO,SUBSCRIPTION_FEE_NO,EFFECTIVE_DT,SUBSCRIPTION_FEE,RECURRING_PERIOD,VERSION) values (2,2,to_timestamp('01-JAN-09 12.00.00.000000000 AM','DD-MON-RR HH.MI.SS.FF AM'),2,1,0);
Insert into MSTB_SUBSC_FEE_DETAIL (SUBSCRIPTION_FEE_DETAIL_NO,SUBSCRIPTION_FEE_NO,EFFECTIVE_DT,SUBSCRIPTION_FEE,RECURRING_PERIOD,VERSION) values (3,3,to_timestamp('01-JAN-09 12.00.00.000000000 AM','DD-MON-RR HH.MI.SS.FF AM'),3,1,0);
Insert into MSTB_SUBSC_FEE_DETAIL (SUBSCRIPTION_FEE_DETAIL_NO,SUBSCRIPTION_FEE_NO,EFFECTIVE_DT,SUBSCRIPTION_FEE,RECURRING_PERIOD,VERSION) values (4,4,to_timestamp('01-JAN-09 12.00.00.000000000 AM','DD-MON-RR HH.MI.SS.FF AM'),4,1,0);
Insert into MSTB_SUBSC_FEE_DETAIL (SUBSCRIPTION_FEE_DETAIL_NO,SUBSCRIPTION_FEE_NO,EFFECTIVE_DT,SUBSCRIPTION_FEE,RECURRING_PERIOD,VERSION) values (5,5,to_timestamp('01-JAN-09 12.00.00.000000000 AM','DD-MON-RR HH.MI.SS.FF AM'),5,1,0);
Insert into MSTB_SUBSC_FEE_DETAIL (SUBSCRIPTION_FEE_DETAIL_NO,SUBSCRIPTION_FEE_NO,EFFECTIVE_DT,SUBSCRIPTION_FEE,RECURRING_PERIOD,VERSION) values (6,6,to_timestamp('01-JAN-09 12.00.00.000000000 AM','DD-MON-RR HH.MI.SS.FF AM'),1,3,0);
Insert into MSTB_SUBSC_FEE_DETAIL (SUBSCRIPTION_FEE_DETAIL_NO,SUBSCRIPTION_FEE_NO,EFFECTIVE_DT,SUBSCRIPTION_FEE,RECURRING_PERIOD,VERSION) values (7,7,to_timestamp('01-JAN-09 12.00.00.000000000 AM','DD-MON-RR HH.MI.SS.FF AM'),2,3,0);
Insert into MSTB_SUBSC_FEE_DETAIL (SUBSCRIPTION_FEE_DETAIL_NO,SUBSCRIPTION_FEE_NO,EFFECTIVE_DT,SUBSCRIPTION_FEE,RECURRING_PERIOD,VERSION) values (8,8,to_timestamp('01-JAN-09 12.00.00.000000000 AM','DD-MON-RR HH.MI.SS.FF AM'),3,3,0);
Insert into MSTB_SUBSC_FEE_DETAIL (SUBSCRIPTION_FEE_DETAIL_NO,SUBSCRIPTION_FEE_NO,EFFECTIVE_DT,SUBSCRIPTION_FEE,RECURRING_PERIOD,VERSION) values (9,9,to_timestamp('01-JAN-09 12.00.00.000000000 AM','DD-MON-RR HH.MI.SS.FF AM'),4,3,0);
Insert into MSTB_SUBSC_FEE_DETAIL (SUBSCRIPTION_FEE_DETAIL_NO,SUBSCRIPTION_FEE_NO,EFFECTIVE_DT,SUBSCRIPTION_FEE,RECURRING_PERIOD,VERSION) values (10,10,to_timestamp('01-JAN-09 12.00.00.000000000 AM','DD-MON-RR HH.MI.SS.FF AM'),5,3,0);
-- creating seq for master GST detail --
CREATE SEQUENCE  "MSTB_GST_DETAIL_SQ1"  MINVALUE 1 MAXVALUE 99999999 INCREMENT BY 1 START WITH 4 CACHE 10 NOORDER  NOCYCLE ;
-- master GST detail --
CREATE TABLE MSTB_GST_DETAIL (
	GST_DETAIL_NO NUMBER(8) NOT NULL,
	EFFECTIVE_DT TIMESTAMP NOT NULL,
	GST NUMBER(4,2) NOT NULL,
	VERSION NUMBER(9,0) DEFAULT 0,
	CONSTRAINT MSCT_GST_DETAIL_U1 UNIQUE (EFFECTIVE_DT),
	CONSTRAINT MSTB_GST_DETAIL_PK PRIMARY KEY(GST_DETAIL_NO)
);
-- dumping some data INTO it
INSERT INTO MSTB_GST_DETAIL (GST_DETAIL_NO, EFFECTIVE_DT, GST) VALUES (1, to_date('2003/01/01','yyyy/mm/dd'), 3);
INSERT INTO MSTB_GST_DETAIL (GST_DETAIL_NO, EFFECTIVE_DT, GST) VALUES (2, to_date('2005/01/01','yyyy/mm/dd'), 5);
INSERT INTO MSTB_GST_DETAIL (GST_DETAIL_NO, EFFECTIVE_DT, GST) VALUES (3, to_date('2007/01/01','yyyy/mm/dd'), 7);
-- listed according to http://www.uob.com.sg/assets/pdfs/global/achcode.pdf --
-- creating seq for BANK MASTER --
CREATE SEQUENCE  "MSTB_BANK_MASTER_SQ1"  MINVALUE 1 MAXVALUE 99999999 INCREMENT BY 1 START WITH 4 CACHE 10 NOORDER  NOCYCLE ;
-- BANK MASTER --
CREATE TABLE MSTB_BANK_MASTER (
	BANK_MASTER_NO NUMBER(8) NOT NULL,
	BANK_NAME VARCHAR2(80) NOT NULL,
	BANK_CODE VARCHAR2(4) NOT NULL,
	VERSION NUMBER(9,0) DEFAULT 0,
--	CONSTRAINT MSCT_BANK_MASTER_U1 UNIQUE (BANK_CODE),-- CANNOT PUT CONSTRAINT DBS=POSB
	CONSTRAINT MSTB_BANK_MASTER_PK PRIMARY KEY(BANK_MASTER_NO)
);
-- dumping some data INTO it
INSERT INTO MSTB_BANK_MASTER (BANK_MASTER_NO, BANK_NAME, BANK_CODE) VALUES (1, 'UOB', '7375');
INSERT INTO MSTB_BANK_MASTER (BANK_MASTER_NO, BANK_NAME, BANK_CODE) VALUES (2, 'DBS', '7171');
INSERT INTO MSTB_BANK_MASTER (BANK_MASTER_NO, BANK_NAME, BANK_CODE) VALUES (3, 'POSB', '7171');
INSERT INTO MSTB_BANK_MASTER (BANK_MASTER_NO, BANK_NAME, BANK_CODE) VALUES (4, 'OCBC', '7339');
-- creating seq for BRANCH MASTER --
CREATE SEQUENCE  "MSTB_BRANCH_MASTER_SQ1"  MINVALUE 1 MAXVALUE 99999999 INCREMENT BY 1 START WITH 6 CACHE 10 NOORDER  NOCYCLE ;
-- BRANCH MASTER --
CREATE TABLE MSTB_BRANCH_MASTER (
	BRANCH_MASTER_NO NUMBER(8) NOT NULL,
	BANK_MASTER_NO NUMBER(8) NOT NULL,
	BRANCH_NAME VARCHAR2(80) NOT NULL,
	BRANCH_CODE VARCHAR2(3) NOT NULL,
	VERSION NUMBER(9,0) DEFAULT 0,
	CONSTRAINT MSTB_BRANCH_MASTER_FK1 FOREIGN KEY(BANK_MASTER_NO) REFERENCES MSTB_BANK_MASTER(BANK_MASTER_NO),
	CONSTRAINT MSTB_BRANCH_MASTER_U1 UNIQUE (BRANCH_CODE, BANK_MASTER_NO),
	CONSTRAINT MSTB_BRANCH_MASTER_PK PRIMARY KEY(BRANCH_MASTER_NO)
);
-- creating indexes --
CREATE INDEX MSTB_BRANCH_MASTER_N1 ON MSTB_BRANCH_MASTER (BANK_MASTER_NO);
-- dumping some data INTO it
INSERT INTO MSTB_BRANCH_MASTER (BRANCH_MASTER_NO, BANK_MASTER_NO, BRANCH_NAME, BRANCH_CODE) VALUES (1, 1, 'UOB MAIN', '001');
INSERT INTO MSTB_BRANCH_MASTER (BRANCH_MASTER_NO, BANK_MASTER_NO, BRANCH_NAME, BRANCH_CODE) VALUES (2, 1, 'UOB JALAN SULTAN', '002');
INSERT INTO MSTB_BRANCH_MASTER (BRANCH_MASTER_NO, BANK_MASTER_NO, BRANCH_NAME, BRANCH_CODE) VALUES (3, 2, 'DBS SHENTON WAY', '001');
INSERT INTO MSTB_BRANCH_MASTER (BRANCH_MASTER_NO, BANK_MASTER_NO, BRANCH_NAME, BRANCH_CODE) VALUES (4, 2, 'DBS JURONG POINT', '002');
INSERT INTO MSTB_BRANCH_MASTER (BRANCH_MASTER_NO, BANK_MASTER_NO, BRANCH_NAME, BRANCH_CODE) VALUES (5, 3, 'POSB', '081');
INSERT INTO MSTB_BRANCH_MASTER (BRANCH_MASTER_NO, BANK_MASTER_NO, BRANCH_NAME, BRANCH_CODE) VALUES (6, 4, 'OCBC Centre', '501');
-- creating seq for master table --
CREATE SEQUENCE  "MSTB_MASTER_TABLE_SQ1"  MINVALUE 1 MAXVALUE 99999999 INCREMENT BY 1 START WITH 81 CACHE 10 NOORDER  NOCYCLE ;
-- Master table --
-- IF = Invoice Format -- N
-- TS = Txn Status -- N
-- RS = Request Status -- N
-- IND = Industry --
-- APPS = Application Status -- N
-- ACCS = Account Status -- N
-- BC = Billing Cycle -- N
-- RDT = Renewal Duration Type -- N
-- PM = Payment Mode -- N
-- CTRY = Country --
-- IS = Information Source --
-- VT = Vehicle Type --
-- EJS = Employment Job Status --
-- AC = Account Category N
-- SAL = Salutation
-- AL = APPROVER LIMITS
-- SP = Sorting Paging
-- TT = Tax Type
-- AS = Account Suspension
-- AR = Account Reactivate
-- AT = Account Terminate
-- RP = Relationship to parent. For personal accounts
-- TGP = Termination grace period
-- VTT - Vehicle Trip Type
-- SPr = Service Provider
CREATE TABLE MSTB_MASTER_TABLE (
	MASTER_NO NUMBER(8) NOT NULL,
	MASTER_TYPE VARCHAR2(5) NOT NULL,
	MASTER_CODE VARCHAR2(5) NOT NULL,
	INTERFACE_MAPPING_VALUE VARCHAR2(80),
	MASTER_VALUE VARCHAR2(500) NOT NULL,
	MASTER_STATUS VARCHAR2(8) NOT NULL,
	VERSION NUMBER(9,0) DEFAULT 0,
	CONSTRAINT MSCT_MASTER_TABLE_C1 CHECK(MASTER_STATUS IN('A','I')),
	CONSTRAINT MSCT_MASTER_TABLE_U1 UNIQUE(MASTER_TYPE,MASTER_CODE),
	CONSTRAINT MSTB_MASTER_TABLE_PK PRIMARY KEY(MASTER_NO)
);
CREATE INDEX MSTB_MASTER_TABLE_N1 ON MSTB_MASTER_TABLE(MASTER_STATUS);
-- dumping some data INTO it
--INSERT INTO MASTER_TABLE (MASTER_NO, MASTER_TYPE, MASTER_CODE, MASTER_VALUE, MASTER_STATUS) VALUES (1, 'IF', 'M', 'MONTHLY', 'Active');
--INSERT INTO MASTER_TABLE (MASTER_NO, MASTER_TYPE, MASTER_CODE, MASTER_VALUE, MASTER_STATUS) VALUES (2, 'IF', 'BW', 'BI-WEEKLY', 'Active');
--INSERT INTO MASTER_TABLE (MASTER_NO, MASTER_TYPE, MASTER_CODE, MASTER_VALUE, MASTER_STATUS) VALUES (3, 'TS', 'NB', 'NOT BILLED', 'Active');
--INSERT INTO MASTER_TABLE (MASTER_NO, MASTER_TYPE, MASTER_CODE, MASTER_VALUE, MASTER_STATUS) VALUES (4, 'TS', 'B', 'BILLED', 'Active');
--INSERT INTO MASTER_TABLE (MASTER_NO, MASTER_TYPE, MASTER_CODE, MASTER_VALUE, MASTER_STATUS) VALUES (5, 'TS', 'PVA', 'PENDING VOID APPROVAL', 'Active');
--INSERT INTO MASTER_TABLE (MASTER_NO, MASTER_TYPE, MASTER_CODE, MASTER_VALUE, MASTER_STATUS) VALUES (6, 'TS', 'PRA', 'PENDING REFUND APPROVAL', 'Active');
--INSERT INTO MASTER_TABLE (MASTER_NO, MASTER_TYPE, MASTER_CODE, MASTER_VALUE, MASTER_STATUS) VALUES (7, 'TS', 'VA', 'VOID APPROVED', 'Active');
--INSERT INTO MASTER_TABLE (MASTER_NO, MASTER_TYPE, MASTER_CODE, MASTER_VALUE, MASTER_STATUS) VALUES (8, 'TS', 'RA', 'REFUND APPROVED', 'Active');
--INSERT INTO MASTER_TABLE (MASTER_NO, MASTER_TYPE, MASTER_CODE, MASTER_VALUE, MASTER_STATUS) VALUES (9, 'RS', 'P', 'PENDING', 'Active');
--INSERT INTO MASTER_TABLE (MASTER_NO, MASTER_TYPE, MASTER_CODE, MASTER_VALUE, MASTER_STATUS) VALUES (10, 'RS', 'A', 'APPROVED', 'Active');
--INSERT INTO MASTER_TABLE (MASTER_NO, MASTER_TYPE, MASTER_CODE, MASTER_VALUE, MASTER_STATUS) VALUES (11, 'RS', 'R', 'REJECTED', 'Active');
--INSERT INTO MASTER_TABLE (MASTER_NO, MASTER_TYPE, MASTER_CODE, MASTER_VALUE, MASTER_STATUS) VALUES (15, 'APPS', 'D', 'DRAFT', 'Active');
--INSERT INTO MASTER_TABLE (MASTER_NO, MASTER_TYPE, MASTER_CODE, MASTER_VALUE, MASTER_STATUS) VALUES (16, 'APPS', 'P1A', 'PENDING 1ST LEVEL APPROVAL', 'Active');
--INSERT INTO MASTER_TABLE (MASTER_NO, MASTER_TYPE, MASTER_CODE, MASTER_VALUE, MASTER_STATUS) VALUES (17, 'APPS', 'P2A', 'PENDING 2ND LEVEL APPROVAL', 'Active');
--INSERT INTO MASTER_TABLE (MASTER_NO, MASTER_TYPE, MASTER_CODE, MASTER_VALUE, MASTER_STATUS) VALUES (18, 'APPS', 'A', 'APPROVED', 'Active');
--INSERT INTO MASTER_TABLE (MASTER_NO, MASTER_TYPE, MASTER_CODE, MASTER_VALUE, MASTER_STATUS) VALUES (19, 'APPS', 'R', 'REJECTED', 'Active');
--INSERT INTO MASTER_TABLE (MASTER_NO, MASTER_TYPE, MASTER_CODE, MASTER_VALUE, MASTER_STATUS) VALUES (20, 'ACCS', 'PA', 'Pending Activation', 'Active');
--INSERT INTO MASTER_TABLE (MASTER_NO, MASTER_TYPE, MASTER_CODE, MASTER_VALUE, MASTER_STATUS) VALUES (21, 'ACCS', 'A', 'ACTIVE', 'Active');
--INSERT INTO MASTER_TABLE (MASTER_NO, MASTER_TYPE, MASTER_CODE, MASTER_VALUE, MASTER_STATUS) VALUES (22, 'ACCS', 'S', 'SUSPENDED', 'Active');
--INSERT INTO MASTER_TABLE (MASTER_NO, MASTER_TYPE, MASTER_CODE, MASTER_VALUE, MASTER_STATUS) VALUES (23, 'ACCS', 'PS', 'PARENT SUSPENDED', 'Active');
--INSERT INTO MASTER_TABLE (MASTER_NO, MASTER_TYPE, MASTER_CODE, MASTER_VALUE, MASTER_STATUS) VALUES (24, 'ACCS', 'T', 'TERMINATED', 'Active');
--INSERT INTO MASTER_TABLE (MASTER_NO, MASTER_TYPE, MASTER_CODE, MASTER_VALUE, MASTER_STATUS) VALUES (25, 'BC', 'M', 'MONTHLY', 'Active');
--INSERT INTO MASTER_TABLE (MASTER_NO, MASTER_TYPE, MASTER_CODE, MASTER_VALUE, MASTER_STATUS) VALUES (26, 'BC', 'BW', 'BI-WEEKLY', 'Active');
--INSERT INTO MASTER_TABLE (MASTER_NO, MASTER_TYPE, MASTER_CODE, MASTER_VALUE, MASTER_STATUS) VALUES (27, 'RDT', 'DUR', 'DURATION', 'Active');
--INSERT INTO MASTER_TABLE (MASTER_NO, MASTER_TYPE, MASTER_CODE, MASTER_VALUE, MASTER_STATUS) VALUES (28, 'RDT', 'DATE', 'DATE', 'Active');

--INSERT INTO MASTER_TABLE (MASTER_NO, MASTER_TYPE, MASTER_CODE, MASTER_VALUE, MASTER_STATUS) VALUES (52, 'AC', 'C', 'CORPORATE', 'Active');
--INSERT INTO MASTER_TABLE (MASTER_NO, MASTER_TYPE, MASTER_CODE, MASTER_VALUE, MASTER_STATUS) VALUES (53, 'AC', 'P', 'PERSONAL', 'Active');
INSERT INTO MSTB_MASTER_TABLE (MASTER_NO,MASTER_TYPE,MASTER_CODE,MASTER_VALUE,MASTER_STATUS,VERSION,INTERFACE_MAPPING_VALUE) values (1,'IND','F','FINANCIAL','A',0,null);
INSERT INTO MSTB_MASTER_TABLE (MASTER_NO,MASTER_TYPE,MASTER_CODE,MASTER_VALUE,MASTER_STATUS,VERSION,INTERFACE_MAPPING_VALUE) values (2,'IND','I','INFORMATION','A',0,null);
INSERT INTO MSTB_MASTER_TABLE (MASTER_NO,MASTER_TYPE,MASTER_CODE,MASTER_VALUE,MASTER_STATUS,VERSION,INTERFACE_MAPPING_VALUE) values (3,'IND','B','BIOTECH','A',0,null);
INSERT INTO MSTB_MASTER_TABLE (MASTER_NO,MASTER_TYPE,MASTER_CODE,MASTER_VALUE,MASTER_STATUS,VERSION,INTERFACE_MAPPING_VALUE) values (4,'CTRY','SG','SINGAPORE','A',0,null);
INSERT INTO MSTB_MASTER_TABLE (MASTER_NO,MASTER_TYPE,MASTER_CODE,MASTER_VALUE,MASTER_STATUS,VERSION,INTERFACE_MAPPING_VALUE) values (5,'CTRY','MY','MALAYSIA','A',0,null);
INSERT INTO MSTB_MASTER_TABLE (MASTER_NO,MASTER_TYPE,MASTER_CODE,MASTER_VALUE,MASTER_STATUS,VERSION,INTERFACE_MAPPING_VALUE) values (6,'CTRY','USA','UNITED STATES OF AMERICA','A',0,null);
INSERT INTO MSTB_MASTER_TABLE (MASTER_NO,MASTER_TYPE,MASTER_CODE,MASTER_VALUE,MASTER_STATUS,VERSION,INTERFACE_MAPPING_VALUE) values (7,'CTRY','UK','UNITED KINGDOM','A',0,null);
INSERT INTO MSTB_MASTER_TABLE (MASTER_NO,MASTER_TYPE,MASTER_CODE,MASTER_VALUE,MASTER_STATUS,VERSION,INTERFACE_MAPPING_VALUE) values (8,'IS','SE','SEARCH ENGINES','A',0,null);
INSERT INTO MSTB_MASTER_TABLE (MASTER_NO,MASTER_TYPE,MASTER_CODE,MASTER_VALUE,MASTER_STATUS,VERSION,INTERFACE_MAPPING_VALUE) values (9,'IS','WOM','WORD OF MOUTH','A',0,null);
INSERT INTO MSTB_MASTER_TABLE (MASTER_NO,MASTER_TYPE,MASTER_CODE,MASTER_VALUE,MASTER_STATUS,VERSION,INTERFACE_MAPPING_VALUE) values (10,'IS','NP','NEWSPAPER','A',0,null);
INSERT INTO MSTB_MASTER_TABLE (MASTER_NO,MASTER_TYPE,MASTER_CODE,MASTER_VALUE,MASTER_STATUS,VERSION,INTERFACE_MAPPING_VALUE) values (11,'IS','COMM','COMMERICALS','A',0,null);
INSERT INTO MSTB_MASTER_TABLE (MASTER_NO,MASTER_TYPE,MASTER_CODE,MASTER_VALUE,MASTER_STATUS,VERSION,INTERFACE_MAPPING_VALUE) values (12,'IS','RAD','RADIO','A',0,null);
INSERT INTO MSTB_MASTER_TABLE (MASTER_NO,MASTER_TYPE,MASTER_CODE,MASTER_VALUE,MASTER_STATUS,VERSION,INTERFACE_MAPPING_VALUE) values (13,'VT','LIMO','LIMO CAB','A',0,'LIMO');
INSERT INTO MSTB_MASTER_TABLE (MASTER_NO,MASTER_TYPE,MASTER_CODE,MASTER_VALUE,MASTER_STATUS,VERSION,INTERFACE_MAPPING_VALUE) values (14,'VT','MAXI','MAXIS CAB','A',0,'MAXI');
INSERT INTO MSTB_MASTER_TABLE (MASTER_NO,MASTER_TYPE,MASTER_CODE,MASTER_VALUE,MASTER_STATUS,VERSION,INTERFACE_MAPPING_VALUE) values (15,'EJS','E','EMPLOYEE','A',0,null);
INSERT INTO MSTB_MASTER_TABLE (MASTER_NO,MASTER_TYPE,MASTER_CODE,MASTER_VALUE,MASTER_STATUS,VERSION,INTERFACE_MAPPING_VALUE) values (16,'EJS','SE','SELF-EMPLOYED','A',0,null);
INSERT INTO MSTB_MASTER_TABLE (MASTER_NO,MASTER_TYPE,MASTER_CODE,MASTER_VALUE,MASTER_STATUS,VERSION,INTERFACE_MAPPING_VALUE) values (17,'EJS','VCE','VARIABLE / COMMISION EARNER','A',0,null);
INSERT INTO MSTB_MASTER_TABLE (MASTER_NO,MASTER_TYPE,MASTER_CODE,MASTER_VALUE,MASTER_STATUS,VERSION,INTERFACE_MAPPING_VALUE) values (18,'EJS','O','OTHERS','A',0,null);
INSERT INTO MSTB_MASTER_TABLE (MASTER_NO,MASTER_TYPE,MASTER_CODE,MASTER_VALUE,MASTER_STATUS,VERSION,INTERFACE_MAPPING_VALUE) values (19,'SAL','DR','DR','A',0,null);
INSERT INTO MSTB_MASTER_TABLE (MASTER_NO,MASTER_TYPE,MASTER_CODE,MASTER_VALUE,MASTER_STATUS,VERSION,INTERFACE_MAPPING_VALUE) values (20,'SAL','MR','MR','A',0,null);
INSERT INTO MSTB_MASTER_TABLE (MASTER_NO,MASTER_TYPE,MASTER_CODE,MASTER_VALUE,MASTER_STATUS,VERSION,INTERFACE_MAPPING_VALUE) values (21,'SAL','MRS','MRS','A',0,null);
INSERT INTO MSTB_MASTER_TABLE (MASTER_NO,MASTER_TYPE,MASTER_CODE,MASTER_VALUE,MASTER_STATUS,VERSION,INTERFACE_MAPPING_VALUE) values (22,'SAL','MISS','MISS','A',0,null);
INSERT INTO MSTB_MASTER_TABLE (MASTER_NO,MASTER_TYPE,MASTER_CODE,MASTER_VALUE,MASTER_STATUS,VERSION,INTERFACE_MAPPING_VALUE) values (23,'SAL','MDM','MDM','A',0,null);
INSERT INTO MSTB_MASTER_TABLE (MASTER_NO,MASTER_TYPE,MASTER_CODE,MASTER_VALUE,MASTER_STATUS,VERSION,INTERFACE_MAPPING_VALUE) values (24,'PM','CC','CREDIT CARD','A',0,null);
INSERT INTO MSTB_MASTER_TABLE (MASTER_NO,MASTER_TYPE,MASTER_CODE,MASTER_VALUE,MASTER_STATUS,VERSION,INTERFACE_MAPPING_VALUE) values (25,'PM','CQ','CHEQUE','A',0,null);
INSERT INTO MSTB_MASTER_TABLE (MASTER_NO,MASTER_TYPE,MASTER_CODE,MASTER_VALUE,MASTER_STATUS,VERSION,INTERFACE_MAPPING_VALUE) values (26,'PM','GR','GIRO','A',0,null);
INSERT INTO MSTB_MASTER_TABLE (MASTER_NO,MASTER_TYPE,MASTER_CODE,MASTER_VALUE,MASTER_STATUS,VERSION,INTERFACE_MAPPING_VALUE) values (27,'PM','CA','CASH','A',0,null);
INSERT INTO MSTB_MASTER_TABLE (MASTER_NO,MASTER_TYPE,MASTER_CODE,MASTER_VALUE,MASTER_STATUS,VERSION,INTERFACE_MAPPING_VALUE) values (28,'PM','CT','CONTRA','A',0,null);
INSERT INTO MSTB_MASTER_TABLE (MASTER_NO,MASTER_TYPE,MASTER_CODE,MASTER_VALUE,MASTER_STATUS,VERSION,INTERFACE_MAPPING_VALUE) values (29,'PM','AXS','AXS','A',0,null);
INSERT INTO MSTB_MASTER_TABLE (MASTER_NO,MASTER_TYPE,MASTER_CODE,MASTER_VALUE,MASTER_STATUS,VERSION,INTERFACE_MAPPING_VALUE) values (30,'PM','BT','BANK TRANSFER','A',0,null);
INSERT INTO MSTB_MASTER_TABLE (MASTER_NO,MASTER_TYPE,MASTER_CODE,MASTER_VALUE,MASTER_STATUS,VERSION,INTERFACE_MAPPING_VALUE) values (31,'PM','CON','CONTRACT','A',0,null);
INSERT INTO MSTB_MASTER_TABLE (MASTER_NO,MASTER_TYPE,MASTER_CODE,MASTER_VALUE,MASTER_STATUS,VERSION,INTERFACE_MAPPING_VALUE) values (32,'PM','MEMO','MEMO','A',0,null);
INSERT INTO MSTB_MASTER_TABLE (MASTER_NO,MASTER_TYPE,MASTER_CODE,MASTER_VALUE,MASTER_STATUS,VERSION,INTERFACE_MAPPING_VALUE) values (33,'AS','0001','BLACKLIST','A',0,null);
INSERT INTO MSTB_MASTER_TABLE (MASTER_NO,MASTER_TYPE,MASTER_CODE,MASTER_VALUE,MASTER_STATUS,VERSION,INTERFACE_MAPPING_VALUE) values (34,'AS','0002','PENDING TERMINATION','A',0,null);
INSERT INTO MSTB_MASTER_TABLE (MASTER_NO,MASTER_TYPE,MASTER_CODE,MASTER_VALUE,MASTER_STATUS,VERSION,INTERFACE_MAPPING_VALUE) values (35,'AR','0003','UN-BLACKLIST','A',0,null);
INSERT INTO MSTB_MASTER_TABLE (MASTER_NO,MASTER_TYPE,MASTER_CODE,MASTER_VALUE,MASTER_STATUS,VERSION,INTERFACE_MAPPING_VALUE) values (36,'AR','0004','REDRAW TERMINATION','A',0,null);
INSERT INTO MSTB_MASTER_TABLE (MASTER_NO,MASTER_TYPE,MASTER_CODE,MASTER_VALUE,MASTER_STATUS,VERSION,INTERFACE_MAPPING_VALUE) values (37,'AL','1','999999.99','A',0,null);
INSERT INTO MSTB_MASTER_TABLE (MASTER_NO,MASTER_TYPE,MASTER_CODE,MASTER_VALUE,MASTER_STATUS,VERSION,INTERFACE_MAPPING_VALUE) values (38,'AL','2','10000000','A',0,null);
INSERT INTO MSTB_MASTER_TABLE (MASTER_NO,MASTER_TYPE,MASTER_CODE,MASTER_VALUE,MASTER_STATUS,VERSION,INTERFACE_MAPPING_VALUE) values (39,'VT','ALL','ALL','A',0,'ALL');
INSERT INTO MSTB_MASTER_TABLE (MASTER_NO,MASTER_TYPE,MASTER_CODE,MASTER_VALUE,MASTER_STATUS,VERSION,INTERFACE_MAPPING_VALUE) values (40,'VTT','GA','GUARANTEED ARRIVAL','A',0,'GUARANTEED_ARRIVAL');
INSERT INTO MSTB_MASTER_TABLE (MASTER_NO,MASTER_TYPE,MASTER_CODE,MASTER_VALUE,MASTER_STATUS,VERSION,INTERFACE_MAPPING_VALUE) values (41,'VTT','GD','GUARANTEED DEPARTURE','A',0,'GUARANTEED DEPARTURE');
INSERT INTO MSTB_MASTER_TABLE (MASTER_NO,MASTER_TYPE,MASTER_CODE,MASTER_VALUE,MASTER_STATUS,VERSION,INTERFACE_MAPPING_VALUE) values (42,'RR','FD','FAULTY/DEMAGED','A',0,'(null)');
INSERT INTO MSTB_MASTER_TABLE (MASTER_NO,MASTER_TYPE,MASTER_CODE,MASTER_VALUE,MASTER_STATUS,VERSION,INTERFACE_MAPPING_VALUE) values (43,'RR','CL','CARD LOSS','A',0,'(null)');
INSERT INTO MSTB_MASTER_TABLE (MASTER_NO,MASTER_TYPE,MASTER_CODE,MASTER_VALUE,MASTER_STATUS,VERSION,INTERFACE_MAPPING_VALUE) VALUES (44,'IR','IC','ISSUE CARD','A',0,null);
INSERT INTO MSTB_MASTER_TABLE (MASTER_NO,MASTER_TYPE,MASTER_CODE,MASTER_VALUE,MASTER_STATUS,VERSION,INTERFACE_MAPPING_VALUE) VALUES (45,'TT','GST','GST','A',0,null);
INSERT INTO MSTB_MASTER_TABLE (MASTER_NO,MASTER_TYPE,MASTER_CODE,MASTER_VALUE,MASTER_STATUS,VERSION,INTERFACE_MAPPING_VALUE) VALUES (46,'TT','NGST','NO GST','A',0,null);
INSERT INTO MSTB_MASTER_TABLE (MASTER_NO,MASTER_TYPE,MASTER_CODE,MASTER_VALUE,MASTER_STATUS,VERSION,INTERFACE_MAPPING_VALUE) VALUES (47,'TT','GSTE','GST EXEMPTED','A',0,null);
INSERT INTO MSTB_MASTER_TABLE (MASTER_NO,MASTER_TYPE,MASTER_CODE,MASTER_VALUE,MASTER_STATUS,VERSION,INTERFACE_MAPPING_VALUE) VALUES (48,'TT','OOS','OUT OF SCOPE','A',0,null);
INSERT INTO MSTB_MASTER_TABLE (MASTER_NO,MASTER_TYPE,MASTER_CODE,MASTER_VALUE,MASTER_STATUS,VERSION,INTERFACE_MAPPING_VALUE) VALUES (49,'RP','P','PARENTS','A',0,null);
INSERT INTO MSTB_MASTER_TABLE (MASTER_NO,MASTER_TYPE,MASTER_CODE,MASTER_VALUE,MASTER_STATUS,VERSION,INTERFACE_MAPPING_VALUE) VALUES (50,'RP','S','SIBLINGS','A',0,null);
INSERT INTO MSTB_MASTER_TABLE (MASTER_NO,MASTER_TYPE,MASTER_CODE,MASTER_VALUE,MASTER_STATUS,VERSION,INTERFACE_MAPPING_VALUE) VALUES (51,'RP','C','CHILDREN','A',0,null);
INSERT INTO MSTB_MASTER_TABLE (MASTER_NO,MASTER_TYPE,MASTER_CODE,MASTER_VALUE,MASTER_STATUS,VERSION,INTERFACE_MAPPING_VALUE) VALUES (52,'SR','BL','BLACK LIST','A',0,null);
INSERT INTO MSTB_MASTER_TABLE (MASTER_NO,MASTER_TYPE,MASTER_CODE,MASTER_VALUE,MASTER_STATUS,VERSION,INTERFACE_MAPPING_VALUE) VALUES (53,'SR','CL','CARD LOSS','A',0,null);
INSERT INTO MSTB_MASTER_TABLE (MASTER_NO,MASTER_TYPE,MASTER_CODE,MASTER_VALUE,MASTER_STATUS,VERSION,INTERFACE_MAPPING_VALUE) VALUES (54,'SR','PT','PENDING/TERMINATION','A',0,null);
INSERT INTO MSTB_MASTER_TABLE (MASTER_NO,MASTER_TYPE,MASTER_CODE,MASTER_VALUE,MASTER_STATUS,VERSION,INTERFACE_MAPPING_VALUE) VALUES (55,'RAR','UB','UN-BLACKLIST','A',0,null);
INSERT INTO MSTB_MASTER_TABLE (MASTER_NO,MASTER_TYPE,MASTER_CODE,MASTER_VALUE,MASTER_STATUS,VERSION,INTERFACE_MAPPING_VALUE) VALUES (56,'RAR','RI','REISSUE','A',0,null);
INSERT INTO MSTB_MASTER_TABLE (MASTER_NO,MASTER_TYPE,MASTER_CODE,MASTER_VALUE,MASTER_STATUS,VERSION,INTERFACE_MAPPING_VALUE) VALUES (57,'RAR','TR','TERMINATION REDRAW','A',0,null);
INSERT INTO MSTB_MASTER_TABLE (MASTER_NO,MASTER_TYPE,MASTER_CODE,MASTER_VALUE,MASTER_STATUS,VERSION,INTERFACE_MAPPING_VALUE) VALUES (58,'TR','CR','CUSTOMER REQUEST','A',0,null);
INSERT INTO MSTB_MASTER_TABLE (MASTER_NO,MASTER_TYPE,MASTER_CODE,MASTER_VALUE,MASTER_STATUS,VERSION,INTERFACE_MAPPING_VALUE) VALUES (59,'TR','UP','UNABLE TO PAY UP','A',0,null);
INSERT INTO MSTB_MASTER_TABLE (MASTER_NO,MASTER_TYPE,MASTER_CODE,MASTER_VALUE,MASTER_STATUS,VERSION,INTERFACE_MAPPING_VALUE) values (60,'IND','M','MANUFACTURING','A',0,null);
INSERT INTO MSTB_MASTER_TABLE (MASTER_NO,MASTER_TYPE,MASTER_CODE,MASTER_VALUE,MASTER_STATUS,VERSION,INTERFACE_MAPPING_VALUE) values (61,'SP','20','20','A',0,null);
INSERT INTO MSTB_MASTER_TABLE (MASTER_NO,MASTER_TYPE,MASTER_CODE,MASTER_VALUE,MASTER_STATUS,VERSION,INTERFACE_MAPPING_VALUE) values (62,'AT','0006','CUSTOMER REQUEST','A',0,null);
INSERT INTO MSTB_MASTER_TABLE (MASTER_NO,MASTER_TYPE,MASTER_CODE,MASTER_VALUE,MASTER_STATUS,VERSION,INTERFACE_MAPPING_VALUE) values (63,'AT','0007','UNABLE TO PAY UP','A',0,null);
INSERT INTO MSTB_MASTER_TABLE (MASTER_NO,MASTER_TYPE,MASTER_CODE,MASTER_VALUE,MASTER_STATUS,VERSION,INTERFACE_MAPPING_VALUE) values (64,'TGP','6','6','A',0,null);
INSERT INTO MSTB_MASTER_TABLE (MASTER_NO,MASTER_TYPE,MASTER_CODE,MASTER_VALUE,MASTER_STATUS,VERSION,INTERFACE_MAPPING_VALUE) values (72,'CR','1','APPLY WRONG INVOICE','A',0,null);
INSERT INTO MSTB_MASTER_TABLE (MASTER_NO,MASTER_TYPE,MASTER_CODE,MASTER_VALUE,MASTER_STATUS,VERSION,INTERFACE_MAPPING_VALUE) values (73,'CR','2','WRONG PAYMENT AMOUNT','A',0,null);
INSERT INTO MSTB_MASTER_TABLE (MASTER_NO,MASTER_TYPE,MASTER_CODE,MASTER_VALUE,MASTER_STATUS,VERSION,INTERFACE_MAPPING_VALUE) values (74,'CR','3','WRONG PAYMENT MODE','A',0,null);
INSERT INTO MSTB_MASTER_TABLE (MASTER_NO,MASTER_TYPE,MASTER_CODE,MASTER_VALUE,MASTER_STATUS,VERSION,INTERFACE_MAPPING_VALUE) values (75,'RCLR','RCLR','RECYCLED','A',0,null);
INSERT INTO MSTB_MASTER_TABLE (MASTER_NO,MASTER_TYPE,MASTER_CODE,MASTER_VALUE,MASTER_STATUS,VERSION,INTERFACE_MAPPING_VALUE) values (76,'USD','USD','USED','A',0,null);
Insert into MSTB_MASTER_TABLE (MASTER_NO,MASTER_TYPE,MASTER_CODE,INTERFACE_MAPPING_VALUE,MASTER_VALUE,MASTER_STATUS,VERSION) values (77,'TR','TBR',null,'TERMINATED BY REPLACEMENT','I',0);
INSERT INTO MSTB_MASTER_TABLE (MASTER_NO,MASTER_TYPE,MASTER_CODE,MASTER_VALUE,MASTER_STATUS,VERSION,INTERFACE_MAPPING_VALUE) values (78,'SPR','CTPL','Comfort','A',0,'CTPL');
INSERT INTO MSTB_MASTER_TABLE (MASTER_NO,MASTER_TYPE,MASTER_CODE,MASTER_VALUE,MASTER_STATUS,VERSION,INTERFACE_MAPPING_VALUE) values (79,'SPR','CCPL','Citycab','A',0,'CCPL');
INSERT INTO MSTB_MASTER_TABLE (MASTER_NO,MASTER_TYPE,MASTER_CODE,MASTER_VALUE,MASTER_STATUS,VERSION,INTERFACE_MAPPING_VALUE) values (80,'MQR','200','200','A',0,null);
INSERT INTO MSTB_MASTER_TABLE (MASTER_NO, MASTER_TYPE, MASTER_CODE, MASTER_VALUE, MASTER_STATUS) VALUES ('81', 'OTU', 'OTU', 'CANCEL OTU CARD', 'A');
-- Rewards --
Insert into MSTB_MASTER_TABLE (MASTER_NO,MASTER_TYPE,MASTER_CODE,INTERFACE_MAPPING_VALUE,MASTER_VALUE,MASTER_STATUS,VERSION) values (82,'NR','RS1',null,'REASON 1','A',0);
Insert into MSTB_MASTER_TABLE (MASTER_NO,MASTER_TYPE,MASTER_CODE,INTERFACE_MAPPING_VALUE,MASTER_VALUE,MASTER_STATUS,VERSION) values (83,'NR','RS2',null,'REASON 2','A',0);
Insert into MSTB_MASTER_TABLE (MASTER_NO,MASTER_TYPE,MASTER_CODE,INTERFACE_MAPPING_VALUE,MASTER_VALUE,MASTER_STATUS,VERSION) values (84,'NR','RS3',null,'REASON 3','A',0);
Insert into MSTB_MASTER_TABLE (MASTER_NO,MASTER_TYPE,MASTER_CODE,INTERFACE_MAPPING_VALUE,MASTER_VALUE,MASTER_STATUS,VERSION) values (85,'MII','CV5',null,'$5 CASH VOUCHER','A',0);
Insert into MSTB_MASTER_TABLE (MASTER_NO,MASTER_TYPE,MASTER_CODE,INTERFACE_MAPPING_VALUE,MASTER_VALUE,MASTER_STATUS,VERSION) values (86,'MII','CV10',null,'$10 CASH VOUCHER','A',0);
Insert into MSTB_MASTER_TABLE (MASTER_NO,MASTER_TYPE,MASTER_CODE,INTERFACE_MAPPING_VALUE,MASTER_VALUE,MASTER_STATUS,VERSION) values (87,'MII','CV50',null,'$50 CASH VOUCHER','A',0);
Insert into MSTB_MASTER_TABLE (MASTER_NO,MASTER_TYPE,MASTER_CODE,INTERFACE_MAPPING_VALUE,MASTER_VALUE,MASTER_STATUS,VERSION) values (88,'MII','CV100',null,'$100 CASH VOUCHER','A',0);
-- EMARS = Email Application Request Submit
INSERT INTO MSTB_MASTER_TABLE (MASTER_NO,MASTER_TYPE,MASTER_CODE,MASTER_VALUE,MASTER_STATUS,VERSION,INTERFACE_MAPPING_VALUE) values (89,'EMARS','SUBJ','[IBS-APPL] - Application Request','A',0,null);
INSERT INTO MSTB_MASTER_TABLE (MASTER_NO,MASTER_TYPE,MASTER_CODE,MASTER_VALUE,MASTER_STATUS,VERSION,INTERFACE_MAPPING_VALUE) values (90,'EMARS','CONT','<P style="font-family:Calibri; font-size:16px;white-space: pre">Dear #userName#,<br>An Application Request has been submitted for your approval.<br>The details are as follows:<br>&nbsp;&nbsp;&nbsp;&nbsp;Application ID: #appNo#<br>&nbsp;&nbsp;&nbsp;&nbsp;Account Name: #appName#<br>&nbsp;&nbsp;&nbsp;&nbsp;Submitter Name: #submitter#<br><br>Please <a href="http://localhost:8080/ibs">click this link</a> to login to the System<br><br>Thanks and Best Regards.</P>','A',0,null);
-- EMAR2 = Email Application Request Recommand
INSERT INTO MSTB_MASTER_TABLE (MASTER_NO,MASTER_TYPE,MASTER_CODE,MASTER_VALUE,MASTER_STATUS,VERSION,INTERFACE_MAPPING_VALUE) values (91,'EMAR2','SUBJ','[IBS-APPL] - Application Request (2nd Level)','A',0,null);
INSERT INTO MSTB_MASTER_TABLE (MASTER_NO,MASTER_TYPE,MASTER_CODE,MASTER_VALUE,MASTER_STATUS,VERSION,INTERFACE_MAPPING_VALUE) values (92,'EMAR2','CONT','<P style="font-family:Calibri; font-size:16px;white-space: pre">Dear #userName#,<br>An Application Request has been submitted for your approval.<br>The details are as follows:<br>&nbsp;&nbsp;&nbsp;&nbsp;Application ID: #appNo#<br>&nbsp;&nbsp;&nbsp;&nbsp;Account Name: #appName#<br>&nbsp;&nbsp;&nbsp;&nbsp;Submitter Name: #submitter#<br><br>Please <a href="http://localhost:8080/ibs">click this link</a> to login to the System<br><br>Thanks and Best Regards.</P>','A',0,null);
-- EMARA = Email Application Request Approved
INSERT INTO MSTB_MASTER_TABLE (MASTER_NO,MASTER_TYPE,MASTER_CODE,MASTER_VALUE,MASTER_STATUS,VERSION,INTERFACE_MAPPING_VALUE) values (93,'EMARA','SUBJ','[IBS-APPL] - Application Request Approved','A',0,null);
INSERT INTO MSTB_MASTER_TABLE (MASTER_NO,MASTER_TYPE,MASTER_CODE,MASTER_VALUE,MASTER_STATUS,VERSION,INTERFACE_MAPPING_VALUE) values (94,'EMARA','CONT','<P style="font-family:Calibri; font-size:16px;white-space: pre">Dear #userName#,<br>The application you submitted has been approved.<br>The details are as follows:<br>&nbsp;&nbsp;&nbsp;&nbsp;Application ID: #appNo#<br>&nbsp;&nbsp;&nbsp;&nbsp;Account No: #custNo#<br>&nbsp;&nbsp;&nbsp;&nbsp;Account Name: #appName#<br><br>To check your Application Request, please <a href="http://localhost:8080/ibs">click this link</a> to login to the System<br><br>Thanks and Best Regards.</P>','A',0,null);
-- EMARR = Email Application Request Rejected
INSERT INTO MSTB_MASTER_TABLE (MASTER_NO,MASTER_TYPE,MASTER_CODE,MASTER_VALUE,MASTER_STATUS,VERSION,INTERFACE_MAPPING_VALUE) values (95,'EMARR','SUBJ','[IBS-APPL] - Application Request Rejected','A',0,null);
INSERT INTO MSTB_MASTER_TABLE (MASTER_NO,MASTER_TYPE,MASTER_CODE,MASTER_VALUE,MASTER_STATUS,VERSION,INTERFACE_MAPPING_VALUE) values (96,'EMARR','CONT','<P style="font-family:Calibri; font-size:16px;white-space: pre">Dear #userName#,<br>The application you submitted has been rejected.<br>The details are as follows:&nbsp;&nbsp;&nbsp;&nbsp;Application ID: #appNo#<br>&nbsp;&nbsp;&nbsp;&nbsp;Account Name: #appName#<br><br>To check your Application Request, please <a href="http://localhost:8080/ibs">click this link</a> to login to the SystemT<br>hanks and Best Regards.</P>','A',0,null);
-- EMBRS = Email Billing Request Submit
INSERT INTO MSTB_MASTER_TABLE (MASTER_NO,MASTER_TYPE,MASTER_CODE,MASTER_VALUE,MASTER_STATUS,VERSION,INTERFACE_MAPPING_VALUE) values (97,'EMBRS','SUBJ','[IBS-APPL] - Billing Change Request','A',0,null);
INSERT INTO MSTB_MASTER_TABLE (MASTER_NO,MASTER_TYPE,MASTER_CODE,MASTER_VALUE,MASTER_STATUS,VERSION,INTERFACE_MAPPING_VALUE) values (98,'EMBRS','CONT','<P style="font-family:Calibri; font-size:16px;white-space: pre">Dear #userName#,<br>A Billing Change Request has been submitted for your approval.<br>The details are as follows:<br>&nbsp;&nbsp;&nbsp;&nbsp;Account No: #custNo#<br>&nbsp;&nbsp;&nbsp;&nbsp;Account Name: #acctName#<br>&nbsp;&nbsp;&nbsp;&nbsp;Submitter Name: #submitter#<br><br>Please <a href="http://localhost:8080/ibs">click this link</a> to login to the System<br><br>Thanks and Best Regards.</P>','A',0,null);
-- EMBRA = Email Billing Request Approved
INSERT INTO MSTB_MASTER_TABLE (MASTER_NO,MASTER_TYPE,MASTER_CODE,MASTER_VALUE,MASTER_STATUS,VERSION,INTERFACE_MAPPING_VALUE) values (99,'EMBRA','SUBJ','[IBS-APPL] - Billing Change Request Approved','A',0,null);
INSERT INTO MSTB_MASTER_TABLE (MASTER_NO,MASTER_TYPE,MASTER_CODE,MASTER_VALUE,MASTER_STATUS,VERSION,INTERFACE_MAPPING_VALUE) values (100,'EMBRA','CONT','<P style="font-family:Calibri; font-size:16px;white-space: pre">Dear #userName#,<br>The Billing Change Request you submitted has been approved.<br>The details are as follows:<br>&nbsp;&nbsp;&nbsp;&nbsp;Account No: #custNo#<br>&nbsp;&nbsp;&nbsp;&nbsp;Account Name: #acctName#<br><br>To check your Billing Change Request, please <a href="http://localhost:8080/ibs">click this link</a> to login to the System<br><br>Thanks and Best Regards.</P>','A',0,null);
-- EMBRR = Email Billing Request Rejected
INSERT INTO MSTB_MASTER_TABLE (MASTER_NO,MASTER_TYPE,MASTER_CODE,MASTER_VALUE,MASTER_STATUS,VERSION,INTERFACE_MAPPING_VALUE) values (101,'EMBRR','SUBJ','[IBS-APPL] - Billing Change Request Rejected','A',0,null);
INSERT INTO MSTB_MASTER_TABLE (MASTER_NO,MASTER_TYPE,MASTER_CODE,MASTER_VALUE,MASTER_STATUS,VERSION,INTERFACE_MAPPING_VALUE) values (102,'EMBRR','CONT','<P style="font-family:Calibri; font-size:16px;white-space: pre">Dear #userName#,<br>The Billing Change Request you submitted has been rejected.<br>The details are as follows:<br>&nbsp;&nbsp;&nbsp;&nbsp;Account No: #custNo#<br>&nbsp;&nbsp;&nbsp;&nbsp;Account Name: #acctName#<br><br>To check your Billing Change Request, please <a href="http://localhost:8080/ibs">click this link</a> to login to the System<br><br>Thanks and Best Regards.</P>','A',0,null);
-- EMCRS = Email Credit Review Request Submit
INSERT INTO MSTB_MASTER_TABLE (MASTER_NO,MASTER_TYPE,MASTER_CODE,MASTER_VALUE,MASTER_STATUS,VERSION,INTERFACE_MAPPING_VALUE) values (103,'EMCRS','SUBJ','[IBS-APPL] - Credit Limit Request','A',0,null);
INSERT INTO MSTB_MASTER_TABLE (MASTER_NO,MASTER_TYPE,MASTER_CODE,MASTER_VALUE,MASTER_STATUS,VERSION,INTERFACE_MAPPING_VALUE) values (104,'EMCRS','CONT','<P style="font-family:Calibri; font-size:16px;white-space: pre">Dear #userName#,<br>A Credit Limit Request has been submitted for your approval.<br>The details are as follows:<br>&nbsp;&nbsp;&nbsp;&nbsp;Account No: #custNo#<br>&nbsp;&nbsp;&nbsp;&nbsp;Account Name: #acctName#<br>&nbsp;&nbsp;&nbsp;&nbsp;Submitter Name: #submitter#<br><br>Please <a href="http://localhost:8080/ibs">click this link</a> to login to the System<br><br>Thanks and Best Regards.</P>','A',0,null);
-- EMCRA = Email Credit Review Request Approved
INSERT INTO MSTB_MASTER_TABLE (MASTER_NO,MASTER_TYPE,MASTER_CODE,MASTER_VALUE,MASTER_STATUS,VERSION,INTERFACE_MAPPING_VALUE) values (105,'EMCRA','SUBJ','[IBS-APPL] - Credit Limit Request Approved','A',0,null);
INSERT INTO MSTB_MASTER_TABLE (MASTER_NO,MASTER_TYPE,MASTER_CODE,MASTER_VALUE,MASTER_STATUS,VERSION,INTERFACE_MAPPING_VALUE) values (106,'EMCRA','CONT','<P style="font-family:Calibri; font-size:16px;white-space: pre">Dear #userName#,<br>The Credit Limit Request you submitted has been approved.<br>The details are as follows:<br>&nbsp;&nbsp;&nbsp;&nbsp;Account No: #custNo#<br>&nbsp;&nbsp;&nbsp;&nbsp;Account Name: #acctName#<br><br>To check your Credit Limit Request, please <a href="http://localhost:8080/ibs">click this link</a> to login to the System<br><br>Thanks and Best Regards.</P>','A',0,null);
-- EMCRR = Email Credit Review Request Rejected
INSERT INTO MSTB_MASTER_TABLE (MASTER_NO,MASTER_TYPE,MASTER_CODE,MASTER_VALUE,MASTER_STATUS,VERSION,INTERFACE_MAPPING_VALUE) values (107,'EMCRR','SUBJ','[IBS-APPL] - Credit Limit Request Rejected','A',0,null);
INSERT INTO MSTB_MASTER_TABLE (MASTER_NO,MASTER_TYPE,MASTER_CODE,MASTER_VALUE,MASTER_STATUS,VERSION,INTERFACE_MAPPING_VALUE) values (108,'EMCRR','CONT','<P style="font-family:Calibri; font-size:16px;white-space: pre">Dear #userName#,<br>The Credit Limit Request you submitted has been rejected.<br>The details are as follows:<br>&nbsp;&nbsp;&nbsp;&nbsp;Account No: #custNo#<br>&nbsp;&nbsp;&nbsp;&nbsp;Account Name: #acctName#<br><br>To check your Credit Limit Request, please <a href="http://localhost:8080/ibs">click this link</a> to login to the System<br><br>Thanks and Best Regards.</P>','A',0,null);
-- EMTRS = Email Trips Request Submit
INSERT INTO MSTB_MASTER_TABLE (MASTER_NO,MASTER_TYPE,MASTER_CODE,MASTER_VALUE,MASTER_STATUS,VERSION,INTERFACE_MAPPING_VALUE) values (109,'EMTRS','SUBJ','[IBS-APPL] - Trip Change Request','A',0,null);
INSERT INTO MSTB_MASTER_TABLE (MASTER_NO,MASTER_TYPE,MASTER_CODE,MASTER_VALUE,MASTER_STATUS,VERSION,INTERFACE_MAPPING_VALUE) values (110,'EMTRS','CONT','<P style="font-family:Calibri; font-size:16px;white-space: pre">Dear #userName#,<br>A Trip Change Request has been submitted for your approval.<br>The details are as follows:<br>&nbsp;&nbsp;&nbsp;&nbsp;Account No: #custNo#<br>&nbsp;&nbsp;&nbsp;&nbsp;Account Name: #acctName#<br>&nbsp;&nbsp;&nbsp;&nbsp;Job No: #jobNo#<br>&nbsp;&nbsp;&nbsp;&nbsp;Submitter Name: #submitter#<br><br>Please <a href="http://localhost:8080/ibs">click this link</a> to login to the System<br><br>Thanks and Best Regards.</P>','A',0,null);
-- EMTRA = Email Trips Request Approved
INSERT INTO MSTB_MASTER_TABLE (MASTER_NO,MASTER_TYPE,MASTER_CODE,MASTER_VALUE,MASTER_STATUS,VERSION,INTERFACE_MAPPING_VALUE) values (111,'EMTRA','SUBJ','[IBS-APPL] - Trip Change Request','A',0,null);
INSERT INTO MSTB_MASTER_TABLE (MASTER_NO,MASTER_TYPE,MASTER_CODE,MASTER_VALUE,MASTER_STATUS,VERSION,INTERFACE_MAPPING_VALUE) values (112,'EMTRA','CONT','<P style="font-family:Calibri; font-size:16px;white-space: pre">Dear #userName#,<br>The Trip Change Request you submitted has been approved.<br>The details are as follows:<br>&nbsp;&nbsp;&nbsp;&nbsp;Account No: #custNo#<br>&nbsp;&nbsp;&nbsp;&nbsp;Account Name: #acctName#<br>&nbsp;&nbsp;&nbsp;&nbsp;Job No: #jobNo#<br><br>To check your Trip Change Request, please <a href="http://localhost:8080/ibs">click this link</a> to login to the System<br><br>Thanks and Best Regards.</P>','A',0,null);
-- EMTRR = Email Trips Request Rejected
INSERT INTO MSTB_MASTER_TABLE (MASTER_NO,MASTER_TYPE,MASTER_CODE,MASTER_VALUE,MASTER_STATUS,VERSION,INTERFACE_MAPPING_VALUE) values (113,'EMTRR','SUBJ','[IBS-APPL] - Trip Change Request','A',0,null);
INSERT INTO MSTB_MASTER_TABLE (MASTER_NO,MASTER_TYPE,MASTER_CODE,MASTER_VALUE,MASTER_STATUS,VERSION,INTERFACE_MAPPING_VALUE) values (114,'EMTRR','CONT','<P style="font-family:Calibri; font-size:16px;white-space: pre">Dear #userName#,<br>The Trip Change Request you submitted has been rejected.<br>The details are as follows:<br>&nbsp;&nbsp;&nbsp;&nbsp;Account No: #custNo#<br>&nbsp;&nbsp;&nbsp;&nbsp;Account Name: #acctName#<br>&nbsp;&nbsp;&nbsp;&nbsp;Job No: #jobNo#<br><br>To check your Trip Change Request, please <a href="http://localhost:8080/ibs">click this link</a> to login to the System<br><br>Thanks and Best Regards.</P>','A',0,null);
-- Rewards --
INSERT INTO MSTB_MASTER_TABLE (MASTER_NO, MASTER_TYPE, MASTER_CODE, INTERFACE_MAPPING_VALUE, MASTER_VALUE, MASTER_STATUS) VALUES ('117', 'TR', 'TC', 'C', 'TERMINATED (E-VOUCHER)', 'I');
INSERT INTO MSTB_MASTER_TABLE (MASTER_NO, MASTER_TYPE, MASTER_CODE, INTERFACE_MAPPING_VALUE, MASTER_VALUE, MASTER_STATUS) VALUES (119, 'PRT', 'TEST', null, 'TEST PRINTER', 'A');

-- sequence for rewards plan --
CREATE SEQUENCE  "LRTB_REWARD_MASTER_SQ1"  MINVALUE 1 MAXVALUE 999999999999999999 INCREMENT BY 1 START WITH 3 CACHE 10 NOORDER  NOCYCLE ;
-- rewards plan table --
CREATE TABLE LRTB_REWARD_MASTER (
	REWARD_PLAN_NO NUMBER(8) NOT NULL ,
	REWARD_PLAN_NAME VARCHAR2(80) NOT NULL ,
	VERSION NUMBER(9,0) DEFAULT 0,
	CONSTRAINT LRTB_REWARD_MASTER_PK PRIMARY KEY(REWARD_PLAN_NO)
);
-- dumping some default value --
INSERT INTO LRTB_REWARD_MASTER (REWARD_PLAN_NO, REWARD_PLAN_NAME) VALUES (1, 'LOW REWARDS');
INSERT INTO LRTB_REWARD_MASTER (REWARD_PLAN_NO, REWARD_PLAN_NAME) VALUES (2, 'HIGH REWARDS');
-- sequence for rewards plan detail --
CREATE SEQUENCE  "LRTB_REWARD_DETAIL_SQ1"  MINVALUE 1 MAXVALUE 999999999999999999 INCREMENT BY 1 START WITH 7 CACHE 10 NOORDER  NOCYCLE ;
-- rewards plan detail table --
CREATE TABLE LRTB_REWARD_DETAIL (
	REWARD_PLAN_DETAIL_NO NUMBER(8) NOT NULL,
	REWARD_PLAN_NO NUMBER(8) NOT NULL,
	REWARD_TYPE VARCHAR2(1) NOT NULL,
	EFFECTIVE_DT_FROM TIMESTAMP NOT NULL,
	EFFECTIVE_DT_TO TIMESTAMP NOT NULL,
	VERSION NUMBER(9,0) DEFAULT 0,
	CONSTRAINT LRTB_REWARD_DETAIL_FK1 FOREIGN KEY(REWARD_PLAN_NO) REFERENCES LRTB_REWARD_MASTER(REWARD_PLAN_NO),
	CONSTRAINT LRTB_REWARD_DETAIL_PK PRIMARY KEY(REWARD_PLAN_DETAIL_NO)
);
-- creating indexes --
CREATE INDEX LRTB_REWARD_DETAIL_N1 ON LRTB_REWARD_DETAIL (REWARD_PLAN_NO);
-- dumping some default value --
INSERT INTO LRTB_REWARD_DETAIL (REWARD_PLAN_DETAIL_NO, REWARD_PLAN_NO, REWARD_TYPE, EFFECTIVE_DT_FROM, EFFECTIVE_DT_TO) VALUES (1, 1, 'D', to_date('01/01/2007','dd/mm/yyyy'), to_date('31/12/2007','dd/mm/yyyy'));
INSERT INTO LRTB_REWARD_DETAIL (REWARD_PLAN_DETAIL_NO, REWARD_PLAN_NO, REWARD_TYPE, EFFECTIVE_DT_FROM, EFFECTIVE_DT_TO) VALUES (2, 1, 'T', to_date('01/01/2008','dd/mm/yyyy'), to_date('31/12/2008','dd/mm/yyyy'));
INSERT INTO LRTB_REWARD_DETAIL (REWARD_PLAN_DETAIL_NO, REWARD_PLAN_NO, REWARD_TYPE, EFFECTIVE_DT_FROM, EFFECTIVE_DT_TO) VALUES (3, 1, 'D', to_date('01/01/2009','dd/mm/yyyy'), to_date('31/12/2009','dd/mm/yyyy'));
INSERT INTO LRTB_REWARD_DETAIL (REWARD_PLAN_DETAIL_NO, REWARD_PLAN_NO, REWARD_TYPE, EFFECTIVE_DT_FROM, EFFECTIVE_DT_TO) VALUES (4, 2, 'T', to_date('01/01/2007','dd/mm/yyyy'), to_date('31/12/2007','dd/mm/yyyy'));
INSERT INTO LRTB_REWARD_DETAIL (REWARD_PLAN_DETAIL_NO, REWARD_PLAN_NO, REWARD_TYPE, EFFECTIVE_DT_FROM, EFFECTIVE_DT_TO) VALUES (5, 2, 'D', to_date('01/01/2008','dd/mm/yyyy'), to_date('31/12/2008','dd/mm/yyyy'));
INSERT INTO LRTB_REWARD_DETAIL (REWARD_PLAN_DETAIL_NO, REWARD_PLAN_NO, REWARD_TYPE, EFFECTIVE_DT_FROM, EFFECTIVE_DT_TO) VALUES (6, 2, 'T', to_date('01/01/2009','dd/mm/yyyy'), to_date('31/12/2009','dd/mm/yyyy'));
-- sequence for rewards plan tier --
CREATE SEQUENCE  "LRTB_REWARD_TIER_SQ1"  MINVALUE 1 MAXVALUE 999999999999999999 INCREMENT BY 1 START WITH 3 CACHE 10 NOORDER  NOCYCLE ;
-- rewards plan tier table --
CREATE TABLE LRTB_REWARD_TIER (
	REWARD_PLAN_TIER_NO NUMBER(8) NOT NULL,
	REWARD_PLAN_DETAIL_NO NUMBER(8) NOT NULL,
	START_RANGE NUMBER(10,2) NOT NULL,
	END_RANGE NUMBER(10,2) NOT NULL,
	PTS_PER_VALUE NUMBER(4) NOT NULL,
	VERSION NUMBER(9,0) DEFAULT 0,
	CONSTRAINT LRTB_REWARD_TIER_C1 CHECK (START_RANGE <= END_RANGE),
	CONSTRAINT LRTB_REWARD_TIER_FK1 FOREIGN KEY(REWARD_PLAN_DETAIL_NO) REFERENCES LRTB_REWARD_DETAIL(REWARD_PLAN_DETAIL_NO),
	CONSTRAINT LRTB_REWARD_TIER_PK PRIMARY KEY(REWARD_PLAN_TIER_NO)
);
-- creating indexes --
CREATE INDEX LRTB_REWARD_TIER_N1 ON LRTB_REWARD_TIER (REWARD_PLAN_DETAIL_NO);
-- dumping some default value --
INSERT INTO LRTB_REWARD_TIER (REWARD_PLAN_TIER_NO, REWARD_PLAN_DETAIL_NO, START_RANGE, END_RANGE, PTS_PER_VALUE) VALUES (1, 1, 0, 999.99, 1);
INSERT INTO LRTB_REWARD_TIER (REWARD_PLAN_TIER_NO, REWARD_PLAN_DETAIL_NO, START_RANGE, END_RANGE, PTS_PER_VALUE) VALUES (2, 1, 1000, 1999.99, 2);
INSERT INTO LRTB_REWARD_TIER (REWARD_PLAN_TIER_NO, REWARD_PLAN_DETAIL_NO, START_RANGE, END_RANGE, PTS_PER_VALUE) VALUES (3, 2, 0, 1999, 0.5);
INSERT INTO LRTB_REWARD_TIER (REWARD_PLAN_TIER_NO, REWARD_PLAN_DETAIL_NO, START_RANGE, END_RANGE, PTS_PER_VALUE) VALUES (4, 2, 2000, 3999, 1);
INSERT INTO LRTB_REWARD_TIER (REWARD_PLAN_TIER_NO, REWARD_PLAN_DETAIL_NO, START_RANGE, END_RANGE, PTS_PER_VALUE) VALUES (5, 3, 0, 2999.99, 1);
INSERT INTO LRTB_REWARD_TIER (REWARD_PLAN_TIER_NO, REWARD_PLAN_DETAIL_NO, START_RANGE, END_RANGE, PTS_PER_VALUE) VALUES (6, 3, 3000, 5999.99, 1.5);
INSERT INTO LRTB_REWARD_TIER (REWARD_PLAN_TIER_NO, REWARD_PLAN_DETAIL_NO, START_RANGE, END_RANGE, PTS_PER_VALUE) VALUES (7, 4, 0, 3999, 2);
INSERT INTO LRTB_REWARD_TIER (REWARD_PLAN_TIER_NO, REWARD_PLAN_DETAIL_NO, START_RANGE, END_RANGE, PTS_PER_VALUE) VALUES (8, 4, 4000, 7999, 2.5);
INSERT INTO LRTB_REWARD_TIER (REWARD_PLAN_TIER_NO, REWARD_PLAN_DETAIL_NO, START_RANGE, END_RANGE, PTS_PER_VALUE) VALUES (9, 5, 0, 4999.99, 1.5);
INSERT INTO LRTB_REWARD_TIER (REWARD_PLAN_TIER_NO, REWARD_PLAN_DETAIL_NO, START_RANGE, END_RANGE, PTS_PER_VALUE) VALUES (10, 5, 5000, 9999.99, 2);
INSERT INTO LRTB_REWARD_TIER (REWARD_PLAN_TIER_NO, REWARD_PLAN_DETAIL_NO, START_RANGE, END_RANGE, PTS_PER_VALUE) VALUES (11, 6, 0, 99, 1.1);
INSERT INTO LRTB_REWARD_TIER (REWARD_PLAN_TIER_NO, REWARD_PLAN_DETAIL_NO, START_RANGE, END_RANGE, PTS_PER_VALUE) VALUES (12, 6, 100, 999999, 2);
------------------------------------ Master ------------------------------------
-- sequence for sales person --
CREATE SEQUENCE  "MSTB_SALESPERSON_SQ1"  MINVALUE 1 MAXVALUE 999999999999999999 INCREMENT BY 1 START WITH 5 CACHE 10 NOORDER  NOCYCLE ;
-- rewards plan table --
CREATE TABLE MSTB_SALESPERSON (
	SALESPERSON_NO NUMBER(8) NOT NULL ,
	NAME VARCHAR2(80) NOT NULL ,
	EFFECTIVE_DT_FROM TIMESTAMP NOT NULL ,
	EFFECTIVE_DT_TO TIMESTAMP,
	EMAIL VARCHAR2(255) NOT NULL,
	VERSION NUMBER(9,0) DEFAULT 0,
	CONSTRAINT MSTB_SALESPERSON_PK PRIMARY KEY(SALESPERSON_NO)
);
-- dumping some default value --
INSERT INTO MSTB_SALESPERSON (SALESPERSON_NO, NAME, EFFECTIVE_DT_FROM, EFFECTIVE_DT_TO, EMAIL) VALUES (1, 'TAN YIMING', to_date('01/01/2006','dd/mm/yyyy'), to_date('01/01/2010','dd/mm/yyyy'), 'yiming@wizvision.com');
INSERT INTO MSTB_SALESPERSON (SALESPERSON_NO, NAME, EFFECTIVE_DT_FROM, EFFECTIVE_DT_TO, EMAIL) VALUES (2, 'TAN SENG TAT', to_date('01/01/2006','dd/mm/yyyy'), to_date('01/01/2010','dd/mm/yyyy'), 'sengtat@wizvision.com');
INSERT INTO MSTB_SALESPERSON (SALESPERSON_NO, NAME, EFFECTIVE_DT_FROM, EFFECTIVE_DT_TO, EMAIL) VALUES (3, 'BRIAN CHAN', to_date('01/01/2006','dd/mm/yyyy'), to_date('01/01/2007','dd/mm/yyyy'), 'brian@wizvision.com');
INSERT INTO MSTB_SALESPERSON (SALESPERSON_NO, NAME, EFFECTIVE_DT_FROM, EFFECTIVE_DT_TO, EMAIL) VALUES (4, 'RODNEY YEO', to_date('01/01/2006','dd/mm/yyyy'), to_date('01/01/2009','dd/mm/yyyy'), 'rodney@wizvision.com');

-- MSTB_REPORT_FORMAT_MAP table --
CREATE TABLE MSTB_REPORT_FORMAT_MAP (
	MAP_NO NUMBER(8) NOT NULL,
	RSRC_ID NUMBER(10) NOT NULL,
	REPORT_FORMAT VARCHAR2(10) NOT NULL,
	CONSTRAINT MSTB_REPORT_FORMAT_MAP_FK1 FOREIGN KEY(RSRC_ID) REFERENCES SATB_RESOURCE(RSRC_ID),
	CONSTRAINT MSTB_REPORT_FORMAT_MAP_PK PRIMARY KEY(MAP_NO)
);
------ scripts to clear database
DROP TABLE MSTB_SALESPERSON;
DROP TABLE LRTB_REWARD_TIER;
DROP TABLE LRTB_REWARD_DETAIL;
DROP TABLE LRTB_REWARD_MASTER;
DROP TABLE MSTB_MASTER_TABLE;
DROP TABLE MSTB_BRANCH_MASTER;
DROP TABLE MSTB_BANK_MASTER;
DROP TABLE MSTB_GST_DETAIL;
DROP TABLE MSTB_SUBSC_FEE_DETAIL;
DROP TABLE MSTB_SUBSC_FEE_MASTER;
DROP TABLE MSTB_LATE_PAYMENT_DETAIL;
DROP TABLE MSTB_LATE_PAYMENT_MASTER;
DROP TABLE MSTB_EARLY_PAYMENT_DETAIL;
DROP TABLE MSTB_EARLY_PAYMENT_MASTER;
DROP TABLE MSTB_CREDIT_TERM_DETAIL;
DROP TABLE MSTB_CREDIT_TERM_MASTER;
DROP TABLE MSTB_ADMIN_FEE_DETAIL;
DROP TABLE MSTB_ADMIN_FEE_MASTER;
DROP TABLE MSTB_PROD_DISC_DETAIL;
DROP TABLE MSTB_PROD_DISC_MASTER;
DROP TABLE MSTB_VOL_DISC_TIER;
DROP TABLE MSTB_VOL_DISC_DETAIL;
DROP TABLE MSTB_VOL_DISC_MASTER;

DROP SEQUENCE MSTB_SALESPERSON_SQ1;
DROP SEQUENCE LRTB_REWARD_TIER_SQ1;
DROP SEQUENCE LRTB_REWARD_DETAIL_SQ1;
DROP SEQUENCE LRTB_REWARD_MASTER_SQ1;
DROP SEQUENCE MSTB_MASTER_TABLE_SQ1;
DROP SEQUENCE MSTB_BRANCH_MASTER_SQ1;
DROP SEQUENCE MSTB_BANK_MASTER_SQ1;
DROP SEQUENCE MSTB_GST_DETAIL_SQ1;
DROP SEQUENCE MSTB_SUBSC_FEE_DETAIL_SQ1;
DROP SEQUENCE MSTB_SUBSC_FEE_MASTER_SQ1;
DROP SEQUENCE MSTB_LATE_PAYMENT_DETAIL_SQ1;
DROP SEQUENCE MSTB_LATE_PAYMENT_MASTER_SQ1;
DROP SEQUENCE MSTB_EARLY_PAYMENT_DETAIL_SQ1;
DROP SEQUENCE MSTB_EARLY_PAYMENT_MASTER_SQ1;
DROP SEQUENCE MSTB_CREDIT_TERM_DETAIL_SQ1;
DROP SEQUENCE MSTB_CREDIT_TERM_MASTER_SQ1;
DROP SEQUENCE MSTB_ADMIN_FEE_DETAIL_SQ1;
DROP SEQUENCE MSTB_ADMIN_FEE_MASTER_SQ1;
DROP SEQUENCE MSTB_PROD_DISC_DETAIL_SQ1;
DROP SEQUENCE MSTB_PROD_DISC_MASTER_SQ1;
DROP SEQUENCE MSTB_VOL_DISC_TIER_SQ1;
DROP SEQUENCE MSTB_VOL_DISC_DETAIL_SQ1;
DROP SEQUENCE MSTB_VOL_DISC_MASTER_SQ1;
