ALTER TABLE BMTB_INVOICE_TXN
ADD (
  "ORI_ADMIN_FEE" NUMBER(12,2) NOT NULL,
  "PROD_DIS_PERCENT" NUMBER(5,2) NOT NULL, 
  "PROD_DIS_VALUE" NUMBER(12,2) NOT NULL, 
  "PROMO_DIS_PERCENT" NUMBER(5,2) NOT NULL, 
  "PROMO_DIS_VALUE" NUMBER(12,2) NOT NULL
);

ALTER TABLE BMTB_INVOICE_HEADER
ADD (
  "LATE_PAYMENT_AMOUNT" NUMBER(12,2) DEFAULT 0 NOT NULL,
  "LAST_LATE_PAYMENT_CHARGED_DATE" DATE
);

ALTER TABLE "BMTB_PAYMENT_RECEIPT_DETAIL"
ADD (
	INVOICE_PAYMENT_NO NUMBER(18),
	CONSTRAINT "BMTB_PAYMENT_RECEIPT_DET_FK4" FOREIGN KEY ("INVOICE_PAYMENT_NO")
	  REFERENCES "BMTB_INVOICE_PAYMENT_HEADER" ("INVOICE_PAYMENT_NO") ENABLE
);

-- REWARDS
SET DEFINE OFF
INSERT INTO "SATB_RESOURCE" (RSRC_ID, PAR_RSRC_ID, RSRC_NAME, RSRC_TYPE, URI, SEQUENCE, DISPLAY_NAME, DISPLAY, VERSION)
VALUES (514, 0, 'Loyalty & Rewards', 'U', 'Rewards', 11, 'Loyalty & Rewards', 'Y', '0');
INSERT INTO "SATB_RESOURCE" (RSRC_ID, PAR_RSRC_ID, RSRC_NAME, RSRC_TYPE, URI, SEQUENCE, DISPLAY_NAME, DISPLAY, VERSION)
VALUES (515, 514, 'List Loyalty Plans', 'U', '/rewards/list_plan.zul', 1, 'Manage Loyalty Plans', 'Y', '0');
INSERT INTO "SATB_RESOURCE" (RSRC_ID, PAR_RSRC_ID, RSRC_NAME, RSRC_TYPE, URI, SEQUENCE, DISPLAY_NAME, DISPLAY, VERSION)
VALUES (516, 514, 'List Gifts', 'U', '/rewards/list_category.zul', 2, 'Manage Gifts', 'Y', '0');
INSERT INTO "SATB_RESOURCE" (RSRC_ID, PAR_RSRC_ID, RSRC_NAME, RSRC_TYPE, URI, SEQUENCE, DISPLAY_NAME, DISPLAY, VERSION)
VALUES (517, 514, 'Search Item', 'U', '/rewards/search_item.zul', 3, 'Redeem Gift', 'Y', '0');
INSERT INTO "SATB_RESOURCE" (RSRC_ID, PAR_RSRC_ID, RSRC_NAME, RSRC_TYPE, URI, SEQUENCE, DISPLAY_NAME, DISPLAY, VERSION)
VALUES (518, 514, 'Search History', 'U', '/rewards/view_redemption_history.zul', 4, 'Rewards History', 'Y', '0');

INSERT INTO "SATB_RESOURCE" (RSRC_ID, PAR_RSRC_ID, RSRC_NAME, RSRC_TYPE, URI, SEQUENCE, DISPLAY_NAME, DISPLAY, VERSION)
VALUES (519, 514, 'Add Gift Item', 'U', '/rewards/add_item.zul', 5, 'Add Gift Item', 'N', '0');
INSERT INTO "SATB_RESOURCE" (RSRC_ID, PAR_RSRC_ID, RSRC_NAME, RSRC_TYPE, URI, SEQUENCE, DISPLAY_NAME, DISPLAY, VERSION)
VALUES (520, 514, 'Add Loyalty Plan Detail', 'U', '/rewards/add_plan_detail.zul', 6, 'Add Loyalty Plan Detail', 'N', '0');
INSERT INTO "SATB_RESOURCE" (RSRC_ID, PAR_RSRC_ID, RSRC_NAME, RSRC_TYPE, URI, SEQUENCE, DISPLAY_NAME, DISPLAY, VERSION)
VALUES (521, 514, 'Create Gift Category', 'U', '/rewards/create_category.zul', 7, 'Create Gift Category', 'N', '0');
INSERT INTO "SATB_RESOURCE" (RSRC_ID, PAR_RSRC_ID, RSRC_NAME, RSRC_TYPE, URI, SEQUENCE, DISPLAY_NAME, DISPLAY, VERSION)
VALUES (522, 514, 'Create Loyalty Plan', 'U', '/rewards/create_plan.zul', 8, 'Create Loyalty Plan', 'N', '0');
INSERT INTO "SATB_RESOURCE" (RSRC_ID, PAR_RSRC_ID, RSRC_NAME, RSRC_TYPE, URI, SEQUENCE, DISPLAY_NAME, DISPLAY, VERSION)
VALUES (523, 514, 'Edit Gift Item', 'U', '/rewards/edit_item.zul', 9, 'Edit Gift Item', 'N', '0');
INSERT INTO "SATB_RESOURCE" (RSRC_ID, PAR_RSRC_ID, RSRC_NAME, RSRC_TYPE, URI, SEQUENCE, DISPLAY_NAME, DISPLAY, VERSION)
VALUES (524, 514, 'Edit Loyalty Plan Detail', 'U', '/rewards/edit_plan_detail.zul', 10, 'Edit Loyalty Plan Detail', 'N', '0');
INSERT INTO "SATB_RESOURCE" (RSRC_ID, PAR_RSRC_ID, RSRC_NAME, RSRC_TYPE, URI, SEQUENCE, DISPLAY_NAME, DISPLAY, VERSION)
VALUES (525, 514, 'Move Gift Item', 'U', '/rewards/move_item.zul', 11, 'Move Gift Item', 'N', '0');
INSERT INTO "SATB_RESOURCE" (RSRC_ID, PAR_RSRC_ID, RSRC_NAME, RSRC_TYPE, URI, SEQUENCE, DISPLAY_NAME, DISPLAY, VERSION)
VALUES (526, 514, 'Stockup Gift Item', 'U', '/rewards/stockup_item.zul', 12, 'Stockup Gift Item', 'N', '0');
INSERT INTO "SATB_RESOURCE" (RSRC_ID, PAR_RSRC_ID, RSRC_NAME, RSRC_TYPE, URI, SEQUENCE, DISPLAY_NAME, DISPLAY, VERSION)
VALUES (527, 514, 'View Gift Category', 'U', '/rewards/view_category.zul', 13, 'View Gift Category', 'N', '0');
INSERT INTO "SATB_RESOURCE" (RSRC_ID, PAR_RSRC_ID, RSRC_NAME, RSRC_TYPE, URI, SEQUENCE, DISPLAY_NAME, DISPLAY, VERSION)
VALUES (528, 514, 'View Loyalty Plan', 'U', '/rewards/view_plan.zul', 14, 'View Loyalty Plan', 'N', '0');

INSERT INTO "SATB_ROLE_RESOURCE" (ROLE_ID, RSRC_ID) VALUES(2, 514);
INSERT INTO "SATB_ROLE_RESOURCE" (ROLE_ID, RSRC_ID) VALUES(2, 515);
INSERT INTO "SATB_ROLE_RESOURCE" (ROLE_ID, RSRC_ID) VALUES(2, 516);
INSERT INTO "SATB_ROLE_RESOURCE" (ROLE_ID, RSRC_ID) VALUES(2, 517);
INSERT INTO "SATB_ROLE_RESOURCE" (ROLE_ID, RSRC_ID) VALUES(2, 518);
INSERT INTO "SATB_ROLE_RESOURCE" (ROLE_ID, RSRC_ID) VALUES(2, 519);
INSERT INTO "SATB_ROLE_RESOURCE" (ROLE_ID, RSRC_ID) VALUES(2, 520);
INSERT INTO "SATB_ROLE_RESOURCE" (ROLE_ID, RSRC_ID) VALUES(2, 521);
INSERT INTO "SATB_ROLE_RESOURCE" (ROLE_ID, RSRC_ID) VALUES(2, 522);
INSERT INTO "SATB_ROLE_RESOURCE" (ROLE_ID, RSRC_ID) VALUES(2, 523);
INSERT INTO "SATB_ROLE_RESOURCE" (ROLE_ID, RSRC_ID) VALUES(2, 524);
INSERT INTO "SATB_ROLE_RESOURCE" (ROLE_ID, RSRC_ID) VALUES(2, 525);
INSERT INTO "SATB_ROLE_RESOURCE" (ROLE_ID, RSRC_ID) VALUES(2, 526);
INSERT INTO "SATB_ROLE_RESOURCE" (ROLE_ID, RSRC_ID) VALUES(2, 527);
INSERT INTO "SATB_ROLE_RESOURCE" (ROLE_ID, RSRC_ID) VALUES(2, 528);


CREATE TABLE "LRTB_GIFT_CATEGORY" 
(
"GIFT_CATEGORY_NO" NUMBER(8,0) NOT NULL ENABLE, 
"CATEGORY_NAME" VARCHAR2(80 BYTE) NOT NULL ENABLE, 
"VERSION" NUMBER(9,0) DEFAULT 0, 
CONSTRAINT "LRTB_GIFT_CATEGORY_PK" PRIMARY KEY ("GIFT_CATEGORY_NO") ENABLE
);


CREATE TABLE "LRTB_GIFT_ITEM" 
(
"GIFT_ITEM_NO" NUMBER(8,0) NOT NULL ENABLE, 
"ITEM_CODE" VARCHAR2(20 BYTE) NOT NULL ENABLE, 
"ITEM_NAME" VARCHAR2(80 BYTE) NOT NULL ENABLE, 
"PRICE" NUMBER(12,2) NOT NULL ENABLE, 
"IMAGE" BLOB, 
"VERSION" NUMBER(9,0) DEFAULT 0, 
"GIFT_CATEGORY_NO" NUMBER(8,0) NOT NULL ENABLE, 
"POINTS" NUMBER(8,0) NOT NULL ENABLE, 
"STOCK" NUMBER(9,0), 
CONSTRAINT "LRTB_GIFT_ITEM_PK" PRIMARY KEY ("GIFT_ITEM_NO") ENABLE, 
CONSTRAINT "LRTB_GIFT_ITEM_UK1" UNIQUE ("ITEM_CODE") ENABLE
);

CREATE TABLE "LRTB_GIFT_STOCK" 
(
"GIFT_STOCK_NO" NUMBER(8,0) NOT NULL ENABLE, 
"TXN_TYPE" VARCHAR2(1 BYTE) NOT NULL ENABLE, 
"TXN_DT" TIMESTAMP (6) NOT NULL ENABLE, 
"VERSION" NUMBER(9,0) DEFAULT 0, 
"ACCOUNT_NO" NUMBER(8,0), 
"GIFT_ITEM_NO" NUMBER(8,0) NOT NULL ENABLE, 
"TXN_QTY" NUMBER(9,0), 
CONSTRAINT "LRTB_GIFT_STOCK_PK" PRIMARY KEY ("GIFT_STOCK_NO") ENABLE, 
CONSTRAINT "LRTB_GIFT_STOCK_FK2" FOREIGN KEY ("GIFT_ITEM_NO") REFERENCES "LRTB_GIFT_ITEM" ("GIFT_ITEM_NO") ENABLE, 
CONSTRAINT "LRTB_GIFT_STOCK_FK1" FOREIGN KEY ("ACCOUNT_NO") REFERENCES "AMTB_ACCOUNT" ("ACCOUNT_NO") ENABLE
);


COMMENT ON COLUMN "LRTB_GIFT_STOCK"."TXN_TYPE" IS 'I - STOCK IN, O - STOCK OUT, R - REDEEM';

ALTER TABLE "LRTB_REWARD_TXN"
ADD (
    "GIFT_STOCK_NO" NUMBER(8,0), 
	 CONSTRAINT "LRTB_REWARD_TXN_FK4" FOREIGN KEY ("GIFT_STOCK_NO")
	  REFERENCES "LRTB_GIFT_STOCK" ("GIFT_STOCK_NO") ENABLE
);

COMMENT ON COLUMN "LRTB_REWARD_TXN"."GIFT_STOCK_NO" IS 'Redemption';

SET DEFINE OFF
Insert into LRTB_GIFT_CATEGORY (GIFT_CATEGORY_NO,CATEGORY_NAME,VERSION) values (1,'ELECTRICAL PRODUCTS',0);
Insert into LRTB_GIFT_CATEGORY (GIFT_CATEGORY_NO,CATEGORY_NAME,VERSION) values (2,'APPLIANCES PRODUCTS',0);
Insert into LRTB_GIFT_CATEGORY (GIFT_CATEGORY_NO,CATEGORY_NAME,VERSION) values (3,'FOOD & BEVERAGES',0);
Insert into LRTB_GIFT_CATEGORY (GIFT_CATEGORY_NO,CATEGORY_NAME,VERSION) values (4,'HOUSEHOLD PRODUCTS',0);
Insert into LRTB_GIFT_CATEGORY (GIFT_CATEGORY_NO,CATEGORY_NAME,VERSION) values (6,'COMPUTER PRODUCTS',0);
Insert into LRTB_GIFT_CATEGORY (GIFT_CATEGORY_NO,CATEGORY_NAME,VERSION) values (7,'WARES',0);
Insert into LRTB_GIFT_CATEGORY (GIFT_CATEGORY_NO,CATEGORY_NAME,VERSION) values (8,'CONSUMER PRODUCTS',0);

Insert into LRTB_GIFT_ITEM (GIFT_ITEM_NO,ITEM_CODE,ITEM_NAME,PRICE,VERSION,GIFT_CATEGORY_NO,POINTS,STOCK) values (1,'ITEMA001','LCD TELEVISION',2350,0,1,2099,9);
Insert into LRTB_GIFT_ITEM (GIFT_ITEM_NO,ITEM_CODE,ITEM_NAME,PRICE,VERSION,GIFT_CATEGORY_NO,POINTS,STOCK) values (2,'ITEMA002','DVD PLAYER',340,0,1,300,0);
Insert into LRTB_GIFT_ITEM (GIFT_ITEM_NO,ITEM_CODE,ITEM_NAME,PRICE,VERSION,GIFT_CATEGORY_NO,POINTS,STOCK) values (3,'ITEMA003','HI-FI',270,0,1,200,199);
Insert into LRTB_GIFT_ITEM (GIFT_ITEM_NO,ITEM_CODE,ITEM_NAME,PRICE,VERSION,GIFT_CATEGORY_NO,POINTS,STOCK) values (4,'ITEMB001','KETTLE',50,0,2,30,80);
Insert into LRTB_GIFT_ITEM (GIFT_ITEM_NO,ITEM_CODE,ITEM_NAME,PRICE,VERSION,GIFT_CATEGORY_NO,POINTS,STOCK) values (5,'ITEMB002','IRON',75,0,2,40,60);
Insert into LRTB_GIFT_ITEM (GIFT_ITEM_NO,ITEM_CODE,ITEM_NAME,PRICE,VERSION,GIFT_CATEGORY_NO,POINTS,STOCK) values (6,'ITEMB003','BLENDER',80,0,2,40,49);
Insert into LRTB_GIFT_ITEM (GIFT_ITEM_NO,ITEM_CODE,ITEM_NAME,PRICE,VERSION,GIFT_CATEGORY_NO,POINTS,STOCK) values (7,'ITEMB004','WATER HEATER',150,0,2,80,0);
Insert into LRTB_GIFT_ITEM (GIFT_ITEM_NO,ITEM_CODE,ITEM_NAME,PRICE,VERSION,GIFT_CATEGORY_NO,POINTS,STOCK) values (8,'ITEMB005','RECHARGEABLE BATTERY KIT',25,0,2,15,498);
Insert into LRTB_GIFT_ITEM (GIFT_ITEM_NO,ITEM_CODE,ITEM_NAME,PRICE,VERSION,GIFT_CATEGORY_NO,POINTS,STOCK) values (11,'ITEMA004','BOOM BOX',120,0,1,110,1044);
Insert into LRTB_GIFT_ITEM (GIFT_ITEM_NO,ITEM_CODE,ITEM_NAME,PRICE,VERSION,GIFT_CATEGORY_NO,POINTS,STOCK) values (12,'ITEME001','MOUSE',20,0,6,10,995);
Insert into LRTB_GIFT_ITEM (GIFT_ITEM_NO,ITEM_CODE,ITEM_NAME,PRICE,VERSION,GIFT_CATEGORY_NO,POINTS,STOCK) values (13,'ITEMA005','TEST ITEM',0,0,4,0,0);
Insert into LRTB_GIFT_ITEM (GIFT_ITEM_NO,ITEM_CODE,ITEM_NAME,PRICE,VERSION,GIFT_CATEGORY_NO,POINTS,STOCK) values (14,'ITEMX001','MOVABLE ITEM TEST',0,0,4,0,0);
Insert into LRTB_GIFT_ITEM (GIFT_ITEM_NO,ITEM_CODE,ITEM_NAME,PRICE,VERSION,GIFT_CATEGORY_NO,POINTS,STOCK) values (15,'TESTX002','MOVABLE ITEM 2',0,0,3,0,0);
Insert into LRTB_GIFT_ITEM (GIFT_ITEM_NO,ITEM_CODE,ITEM_NAME,PRICE,VERSION,GIFT_CATEGORY_NO,POINTS,STOCK) values (17,'ITEME002','PDA',350,0,6,300,99);
Insert into LRTB_GIFT_ITEM (GIFT_ITEM_NO,ITEM_CODE,ITEM_NAME,PRICE,VERSION,GIFT_CATEGORY_NO,POINTS,STOCK) values (18,'ITEME003','SCANNER',100,0,6,70,198);
Insert into LRTB_GIFT_ITEM (GIFT_ITEM_NO,ITEM_CODE,ITEM_NAME,PRICE,VERSION,GIFT_CATEGORY_NO,POINTS,STOCK) values (19,'ITEME004','INKJET PRINTER',150,0,6,120,119);
Insert into LRTB_GIFT_ITEM (GIFT_ITEM_NO,ITEM_CODE,ITEM_NAME,PRICE,VERSION,GIFT_CATEGORY_NO,POINTS,STOCK) values (20,'ITEMD001','PORTABLE VACUUM CLEANER',110,0,4,90,245);
Insert into LRTB_GIFT_ITEM (GIFT_ITEM_NO,ITEM_CODE,ITEM_NAME,PRICE,VERSION,GIFT_CATEGORY_NO,POINTS,STOCK) values (21,'ITEMB006','REFRIGERATOR',2000,0,2,1800,20);
Insert into LRTB_GIFT_ITEM (GIFT_ITEM_NO,ITEM_CODE,ITEM_NAME,PRICE,VERSION,GIFT_CATEGORY_NO,POINTS,STOCK) values (22,'ITEMB007','MICROWAVE OVEN',150,0,2,130,199);
Insert into LRTB_GIFT_ITEM (GIFT_ITEM_NO,ITEM_CODE,ITEM_NAME,PRICE,VERSION,GIFT_CATEGORY_NO,POINTS,STOCK) values (23,'ITEMB008','WASHING MACHINE',250,0,2,220,180);
Insert into LRTB_GIFT_ITEM (GIFT_ITEM_NO,ITEM_CODE,ITEM_NAME,PRICE,VERSION,GIFT_CATEGORY_NO,POINTS,STOCK) values (24,'ITEMF001','DESIGNER MUG',15,0,7,10,1990);
Insert into LRTB_GIFT_ITEM (GIFT_ITEM_NO,ITEM_CODE,ITEM_NAME,PRICE,VERSION,GIFT_CATEGORY_NO,POINTS,STOCK) values (25,'ITEMF002','CUTLERY SET',10,0,7,8,5000);
Insert into LRTB_GIFT_ITEM (GIFT_ITEM_NO,ITEM_CODE,ITEM_NAME,PRICE,VERSION,GIFT_CATEGORY_NO,POINTS,STOCK) values (26,'ITEMG001','MOBILE PHONE',300,0,8,250,800);
Insert into LRTB_GIFT_ITEM (GIFT_ITEM_NO,ITEM_CODE,ITEM_NAME,PRICE,VERSION,GIFT_CATEGORY_NO,POINTS,STOCK) values (27,'ITEMG002','DIGITAL CAMCORDER',300,0,8,250,1000);

Insert into LRTB_GIFT_STOCK (GIFT_STOCK_NO,TXN_TYPE,TXN_DT,VERSION,ACCOUNT_NO,GIFT_ITEM_NO,TXN_QTY) values (1,'I',to_timestamp('21/08/09 12:29:04.246000000 PM','DD/MM/RR HH12:MI:SS.FF AM'),0,null,11,1000);
Insert into LRTB_GIFT_STOCK (GIFT_STOCK_NO,TXN_TYPE,TXN_DT,VERSION,ACCOUNT_NO,GIFT_ITEM_NO,TXN_QTY) values (2,'I',to_timestamp('21/08/09 12:34:32.963000000 PM','DD/MM/RR HH12:MI:SS.FF AM'),0,null,11,50);
Insert into LRTB_GIFT_STOCK (GIFT_STOCK_NO,TXN_TYPE,TXN_DT,VERSION,ACCOUNT_NO,GIFT_ITEM_NO,TXN_QTY) values (3,'I',to_timestamp('21/08/09 12:36:35.668000000 PM','DD/MM/RR HH12:MI:SS.FF AM'),0,null,1,10);
Insert into LRTB_GIFT_STOCK (GIFT_STOCK_NO,TXN_TYPE,TXN_DT,VERSION,ACCOUNT_NO,GIFT_ITEM_NO,TXN_QTY) values (4,'I',to_timestamp('21/08/09 12:42:22.673000000 PM','DD/MM/RR HH12:MI:SS.FF AM'),0,null,3,200);
Insert into LRTB_GIFT_STOCK (GIFT_STOCK_NO,TXN_TYPE,TXN_DT,VERSION,ACCOUNT_NO,GIFT_ITEM_NO,TXN_QTY) values (5,'I',to_timestamp('21/08/09 12:45:45.374000000 PM','DD/MM/RR HH12:MI:SS.FF AM'),0,null,8,500);
Insert into LRTB_GIFT_STOCK (GIFT_STOCK_NO,TXN_TYPE,TXN_DT,VERSION,ACCOUNT_NO,GIFT_ITEM_NO,TXN_QTY) values (7,'R',to_timestamp('22/08/09 05:19:40.000000000 PM','DD/MM/RR HH12:MI:SS.FF AM'),0,102,8,-2);
Insert into LRTB_GIFT_STOCK (GIFT_STOCK_NO,TXN_TYPE,TXN_DT,VERSION,ACCOUNT_NO,GIFT_ITEM_NO,TXN_QTY) values (8,'R',to_timestamp('22/08/09 05:30:24.000000000 PM','DD/MM/RR HH12:MI:SS.FF AM'),0,102,3,-1);
Insert into LRTB_GIFT_STOCK (GIFT_STOCK_NO,TXN_TYPE,TXN_DT,VERSION,ACCOUNT_NO,GIFT_ITEM_NO,TXN_QTY) values (9,'R',to_timestamp('22/08/09 05:35:17.000000000 PM','DD/MM/RR HH12:MI:SS.FF AM'),0,102,12,-2);
Insert into LRTB_GIFT_STOCK (GIFT_STOCK_NO,TXN_TYPE,TXN_DT,VERSION,ACCOUNT_NO,GIFT_ITEM_NO,TXN_QTY) values (10,'R',to_timestamp('22/08/09 05:36:27.000000000 PM','DD/MM/RR HH12:MI:SS.FF AM'),0,102,12,-1);
Insert into LRTB_GIFT_STOCK (GIFT_STOCK_NO,TXN_TYPE,TXN_DT,VERSION,ACCOUNT_NO,GIFT_ITEM_NO,TXN_QTY) values (11,'R',to_timestamp('22/08/09 05:36:59.000000000 PM','DD/MM/RR HH12:MI:SS.FF AM'),0,102,12,-1);
Insert into LRTB_GIFT_STOCK (GIFT_STOCK_NO,TXN_TYPE,TXN_DT,VERSION,ACCOUNT_NO,GIFT_ITEM_NO,TXN_QTY) values (12,'R',to_timestamp('22/08/09 05:40:03.000000000 PM','DD/MM/RR HH12:MI:SS.FF AM'),0,102,12,-1);
Insert into LRTB_GIFT_STOCK (GIFT_STOCK_NO,TXN_TYPE,TXN_DT,VERSION,ACCOUNT_NO,GIFT_ITEM_NO,TXN_QTY) values (13,'I',to_timestamp('22/08/09 06:00:36.000000000 PM','DD/MM/RR HH12:MI:SS.FF AM'),0,null,6,50);
Insert into LRTB_GIFT_STOCK (GIFT_STOCK_NO,TXN_TYPE,TXN_DT,VERSION,ACCOUNT_NO,GIFT_ITEM_NO,TXN_QTY) values (14,'I',to_timestamp('22/08/09 06:01:02.000000000 PM','DD/MM/RR HH12:MI:SS.FF AM'),0,null,5,50);
Insert into LRTB_GIFT_STOCK (GIFT_STOCK_NO,TXN_TYPE,TXN_DT,VERSION,ACCOUNT_NO,GIFT_ITEM_NO,TXN_QTY) values (15,'I',to_timestamp('22/08/09 06:01:12.000000000 PM','DD/MM/RR HH12:MI:SS.FF AM'),0,null,4,80);
Insert into LRTB_GIFT_STOCK (GIFT_STOCK_NO,TXN_TYPE,TXN_DT,VERSION,ACCOUNT_NO,GIFT_ITEM_NO,TXN_QTY) values (16,'R',to_timestamp('22/08/09 06:01:35.000000000 PM','DD/MM/RR HH12:MI:SS.FF AM'),0,104,6,-1);
Insert into LRTB_GIFT_STOCK (GIFT_STOCK_NO,TXN_TYPE,TXN_DT,VERSION,ACCOUNT_NO,GIFT_ITEM_NO,TXN_QTY) values (17,'R',to_timestamp('23/08/09 12:58:16.000000000 AM','DD/MM/RR HH12:MI:SS.FF AM'),0,102,17,-1);
Insert into LRTB_GIFT_STOCK (GIFT_STOCK_NO,TXN_TYPE,TXN_DT,VERSION,ACCOUNT_NO,GIFT_ITEM_NO,TXN_QTY) values (18,'R',to_timestamp('23/08/09 01:14:57.000000000 AM','DD/MM/RR HH12:MI:SS.FF AM'),0,102,19,-1);
Insert into LRTB_GIFT_STOCK (GIFT_STOCK_NO,TXN_TYPE,TXN_DT,VERSION,ACCOUNT_NO,GIFT_ITEM_NO,TXN_QTY) values (19,'R',to_timestamp('23/08/09 01:15:31.000000000 AM','DD/MM/RR HH12:MI:SS.FF AM'),0,102,18,-1);
Insert into LRTB_GIFT_STOCK (GIFT_STOCK_NO,TXN_TYPE,TXN_DT,VERSION,ACCOUNT_NO,GIFT_ITEM_NO,TXN_QTY) values (20,'R',to_timestamp('23/08/09 01:16:02.000000000 AM','DD/MM/RR HH12:MI:SS.FF AM'),0,102,11,-2);
Insert into LRTB_GIFT_STOCK (GIFT_STOCK_NO,TXN_TYPE,TXN_DT,VERSION,ACCOUNT_NO,GIFT_ITEM_NO,TXN_QTY) values (21,'R',to_timestamp('23/08/09 01:16:16.000000000 AM','DD/MM/RR HH12:MI:SS.FF AM'),0,102,20,-5);
Insert into LRTB_GIFT_STOCK (GIFT_STOCK_NO,TXN_TYPE,TXN_DT,VERSION,ACCOUNT_NO,GIFT_ITEM_NO,TXN_QTY) values (22,'R',to_timestamp('23/08/09 02:10:46.000000000 AM','DD/MM/RR HH12:MI:SS.FF AM'),0,102,24,-10);
Insert into LRTB_GIFT_STOCK (GIFT_STOCK_NO,TXN_TYPE,TXN_DT,VERSION,ACCOUNT_NO,GIFT_ITEM_NO,TXN_QTY) values (23,'R',to_timestamp('23/08/09 02:15:20.000000000 AM','DD/MM/RR HH12:MI:SS.FF AM'),0,102,22,-1);
Insert into LRTB_GIFT_STOCK (GIFT_STOCK_NO,TXN_TYPE,TXN_DT,VERSION,ACCOUNT_NO,GIFT_ITEM_NO,TXN_QTY) values (24,'I',to_timestamp('28/08/09 01:22:48.000000000 PM','DD/MM/RR HH12:MI:SS.FF AM'),0,null,5,10);
Insert into LRTB_GIFT_STOCK (GIFT_STOCK_NO,TXN_TYPE,TXN_DT,VERSION,ACCOUNT_NO,GIFT_ITEM_NO,TXN_QTY) values (25,'R',to_timestamp('28/08/09 01:39:32.000000000 PM','DD/MM/RR HH12:MI:SS.FF AM'),0,102,1,-1);


Insert into LRTB_REWARD_MASTER (REWARD_PLAN_NO,REWARD_PLAN_NAME,VERSION) values (1,'LOW REWARDS',0);
Insert into LRTB_REWARD_MASTER (REWARD_PLAN_NO,REWARD_PLAN_NAME,VERSION) values (2,'HIGH REWARDS',0);
Insert into LRTB_REWARD_MASTER (REWARD_PLAN_NO,REWARD_PLAN_NAME,VERSION) values (4,'TEST',0);
Insert into LRTB_REWARD_MASTER (REWARD_PLAN_NO,REWARD_PLAN_NAME,VERSION) values (16,'TEST REWARDS 2',0);

Insert into LRTB_REWARD_DETAIL (REWARD_PLAN_DETAIL_NO,REWARD_PLAN_NO,REWARD_TYPE,EFFECTIVE_DT_FROM,EFFECTIVE_DT_TO,VERSION) values (1,1,'D',to_timestamp('01/01/06 12:00:00.000000000 AM','DD/MM/RR HH12:MI:SS.FF AM'),to_timestamp('31/12/07 12:00:00.000000000 AM','DD/MM/RR HH12:MI:SS.FF AM'),16);
Insert into LRTB_REWARD_DETAIL (REWARD_PLAN_DETAIL_NO,REWARD_PLAN_NO,REWARD_TYPE,EFFECTIVE_DT_FROM,EFFECTIVE_DT_TO,VERSION) values (2,1,'T',to_timestamp('01/01/08 12:00:00.000000000 AM','DD/MM/RR HH12:MI:SS.FF AM'),to_timestamp('31/12/08 12:00:00.000000000 AM','DD/MM/RR HH12:MI:SS.FF AM'),1);
Insert into LRTB_REWARD_DETAIL (REWARD_PLAN_DETAIL_NO,REWARD_PLAN_NO,REWARD_TYPE,EFFECTIVE_DT_FROM,EFFECTIVE_DT_TO,VERSION) values (3,1,'T',to_timestamp('01/01/09 12:00:00.000000000 AM','DD/MM/RR HH12:MI:SS.FF AM'),to_timestamp('31/12/09 12:00:00.000000000 AM','DD/MM/RR HH12:MI:SS.FF AM'),2);
Insert into LRTB_REWARD_DETAIL (REWARD_PLAN_DETAIL_NO,REWARD_PLAN_NO,REWARD_TYPE,EFFECTIVE_DT_FROM,EFFECTIVE_DT_TO,VERSION) values (4,2,'T',to_timestamp('01/01/07 12:00:00.000000000 AM','DD/MM/RR HH12:MI:SS.FF AM'),to_timestamp('31/12/07 12:00:00.000000000 AM','DD/MM/RR HH12:MI:SS.FF AM'),0);
Insert into LRTB_REWARD_DETAIL (REWARD_PLAN_DETAIL_NO,REWARD_PLAN_NO,REWARD_TYPE,EFFECTIVE_DT_FROM,EFFECTIVE_DT_TO,VERSION) values (5,2,'D',to_timestamp('01/01/08 12:00:00.000000000 AM','DD/MM/RR HH12:MI:SS.FF AM'),to_timestamp('31/12/08 12:00:00.000000000 AM','DD/MM/RR HH12:MI:SS.FF AM'),0);
Insert into LRTB_REWARD_DETAIL (REWARD_PLAN_DETAIL_NO,REWARD_PLAN_NO,REWARD_TYPE,EFFECTIVE_DT_FROM,EFFECTIVE_DT_TO,VERSION) values (6,2,'T',to_timestamp('01/01/09 12:00:00.000000000 AM','DD/MM/RR HH12:MI:SS.FF AM'),to_timestamp('31/12/09 12:00:00.000000000 AM','DD/MM/RR HH12:MI:SS.FF AM'),0);
Insert into LRTB_REWARD_DETAIL (REWARD_PLAN_DETAIL_NO,REWARD_PLAN_NO,REWARD_TYPE,EFFECTIVE_DT_FROM,EFFECTIVE_DT_TO,VERSION) values (7,4,'T',to_timestamp('01/01/09 12:00:00.000000000 AM','DD/MM/RR HH12:MI:SS.FF AM'),to_timestamp('31/12/09 12:00:00.000000000 AM','DD/MM/RR HH12:MI:SS.FF AM'),1);
Insert into LRTB_REWARD_DETAIL (REWARD_PLAN_DETAIL_NO,REWARD_PLAN_NO,REWARD_TYPE,EFFECTIVE_DT_FROM,EFFECTIVE_DT_TO,VERSION) values (8,4,'D',to_timestamp('01/01/08 12:00:00.000000000 AM','DD/MM/RR HH12:MI:SS.FF AM'),to_timestamp('31/12/08 12:00:00.000000000 AM','DD/MM/RR HH12:MI:SS.FF AM'),1);
Insert into LRTB_REWARD_DETAIL (REWARD_PLAN_DETAIL_NO,REWARD_PLAN_NO,REWARD_TYPE,EFFECTIVE_DT_FROM,EFFECTIVE_DT_TO,VERSION) values (9,4,'D',to_timestamp('01/01/07 12:00:00.000000000 AM','DD/MM/RR HH12:MI:SS.FF AM'),to_timestamp('31/12/07 12:00:00.000000000 AM','DD/MM/RR HH12:MI:SS.FF AM'),1);
Insert into LRTB_REWARD_DETAIL (REWARD_PLAN_DETAIL_NO,REWARD_PLAN_NO,REWARD_TYPE,EFFECTIVE_DT_FROM,EFFECTIVE_DT_TO,VERSION) values (10,1,'T',to_timestamp('01/01/10 12:00:00.000000000 AM','DD/MM/RR HH12:MI:SS.FF AM'),to_timestamp('31/12/11 12:00:00.000000000 AM','DD/MM/RR HH12:MI:SS.FF AM'),1);
Insert into LRTB_REWARD_DETAIL (REWARD_PLAN_DETAIL_NO,REWARD_PLAN_NO,REWARD_TYPE,EFFECTIVE_DT_FROM,EFFECTIVE_DT_TO,VERSION) values (11,16,'D',to_timestamp('01/01/09 12:00:00.000000000 AM','DD/MM/RR HH12:MI:SS.FF AM'),to_timestamp('31/12/09 12:00:00.000000000 AM','DD/MM/RR HH12:MI:SS.FF AM'),0);
Insert into LRTB_REWARD_DETAIL (REWARD_PLAN_DETAIL_NO,REWARD_PLAN_NO,REWARD_TYPE,EFFECTIVE_DT_FROM,EFFECTIVE_DT_TO,VERSION) values (13,4,'T',to_timestamp('01/01/10 12:00:00.000000000 AM','DD/MM/RR HH12:MI:SS.FF AM'),to_timestamp('31/12/10 12:00:00.000000000 AM','DD/MM/RR HH12:MI:SS.FF AM'),0);

Insert into LRTB_REWARD_TIER (REWARD_PLAN_TIER_NO,REWARD_PLAN_DETAIL_NO,START_RANGE,END_RANGE,PTS_PER_VALUE,VERSION) values (79,2,0,1999,1,0);
Insert into LRTB_REWARD_TIER (REWARD_PLAN_TIER_NO,REWARD_PLAN_DETAIL_NO,START_RANGE,END_RANGE,PTS_PER_VALUE,VERSION) values (80,2,4000,5999,2,0);
Insert into LRTB_REWARD_TIER (REWARD_PLAN_TIER_NO,REWARD_PLAN_DETAIL_NO,START_RANGE,END_RANGE,PTS_PER_VALUE,VERSION) values (92,3,250,299,3,0);
Insert into LRTB_REWARD_TIER (REWARD_PLAN_TIER_NO,REWARD_PLAN_DETAIL_NO,START_RANGE,END_RANGE,PTS_PER_VALUE,VERSION) values (93,3,200,249,3,0);
Insert into LRTB_REWARD_TIER (REWARD_PLAN_TIER_NO,REWARD_PLAN_DETAIL_NO,START_RANGE,END_RANGE,PTS_PER_VALUE,VERSION) values (108,8,0,99,1,0);
Insert into LRTB_REWARD_TIER (REWARD_PLAN_TIER_NO,REWARD_PLAN_DETAIL_NO,START_RANGE,END_RANGE,PTS_PER_VALUE,VERSION) values (101,10,200,299,3,0);
Insert into LRTB_REWARD_TIER (REWARD_PLAN_TIER_NO,REWARD_PLAN_DETAIL_NO,START_RANGE,END_RANGE,PTS_PER_VALUE,VERSION) values (7,4,0,3999,2,0);
Insert into LRTB_REWARD_TIER (REWARD_PLAN_TIER_NO,REWARD_PLAN_DETAIL_NO,START_RANGE,END_RANGE,PTS_PER_VALUE,VERSION) values (8,4,4000,7999,3,0);
Insert into LRTB_REWARD_TIER (REWARD_PLAN_TIER_NO,REWARD_PLAN_DETAIL_NO,START_RANGE,END_RANGE,PTS_PER_VALUE,VERSION) values (9,5,0,4999.99,2,0);
Insert into LRTB_REWARD_TIER (REWARD_PLAN_TIER_NO,REWARD_PLAN_DETAIL_NO,START_RANGE,END_RANGE,PTS_PER_VALUE,VERSION) values (10,5,5000,9999.99,2,0);
Insert into LRTB_REWARD_TIER (REWARD_PLAN_TIER_NO,REWARD_PLAN_DETAIL_NO,START_RANGE,END_RANGE,PTS_PER_VALUE,VERSION) values (11,6,0,99,1,0);
Insert into LRTB_REWARD_TIER (REWARD_PLAN_TIER_NO,REWARD_PLAN_DETAIL_NO,START_RANGE,END_RANGE,PTS_PER_VALUE,VERSION) values (12,6,100,999999,2,0);
Insert into LRTB_REWARD_TIER (REWARD_PLAN_TIER_NO,REWARD_PLAN_DETAIL_NO,START_RANGE,END_RANGE,PTS_PER_VALUE,VERSION) values (81,2,2000,3999,1,0);
Insert into LRTB_REWARD_TIER (REWARD_PLAN_TIER_NO,REWARD_PLAN_DETAIL_NO,START_RANGE,END_RANGE,PTS_PER_VALUE,VERSION) values (94,3,0,49,1,0);
Insert into LRTB_REWARD_TIER (REWARD_PLAN_TIER_NO,REWARD_PLAN_DETAIL_NO,START_RANGE,END_RANGE,PTS_PER_VALUE,VERSION) values (95,3,100,149,2,0);
Insert into LRTB_REWARD_TIER (REWARD_PLAN_TIER_NO,REWARD_PLAN_DETAIL_NO,START_RANGE,END_RANGE,PTS_PER_VALUE,VERSION) values (96,3,50,99,1,0);
Insert into LRTB_REWARD_TIER (REWARD_PLAN_TIER_NO,REWARD_PLAN_DETAIL_NO,START_RANGE,END_RANGE,PTS_PER_VALUE,VERSION) values (97,3,150,199,2,0);
Insert into LRTB_REWARD_TIER (REWARD_PLAN_TIER_NO,REWARD_PLAN_DETAIL_NO,START_RANGE,END_RANGE,PTS_PER_VALUE,VERSION) values (75,1,2000,2999.99,3,0);
Insert into LRTB_REWARD_TIER (REWARD_PLAN_TIER_NO,REWARD_PLAN_DETAIL_NO,START_RANGE,END_RANGE,PTS_PER_VALUE,VERSION) values (76,1,0,999.99,1,0);
Insert into LRTB_REWARD_TIER (REWARD_PLAN_TIER_NO,REWARD_PLAN_DETAIL_NO,START_RANGE,END_RANGE,PTS_PER_VALUE,VERSION) values (77,1,3000,4999.99,4,0);
Insert into LRTB_REWARD_TIER (REWARD_PLAN_TIER_NO,REWARD_PLAN_DETAIL_NO,START_RANGE,END_RANGE,PTS_PER_VALUE,VERSION) values (78,1,1000,1999.99,2,0);
Insert into LRTB_REWARD_TIER (REWARD_PLAN_TIER_NO,REWARD_PLAN_DETAIL_NO,START_RANGE,END_RANGE,PTS_PER_VALUE,VERSION) values (105,9,1000,1999.99,2,0);
Insert into LRTB_REWARD_TIER (REWARD_PLAN_TIER_NO,REWARD_PLAN_DETAIL_NO,START_RANGE,END_RANGE,PTS_PER_VALUE,VERSION) values (106,9,0,999.99,1,0);
Insert into LRTB_REWARD_TIER (REWARD_PLAN_TIER_NO,REWARD_PLAN_DETAIL_NO,START_RANGE,END_RANGE,PTS_PER_VALUE,VERSION) values (107,11,0,1999,1,0);
Insert into LRTB_REWARD_TIER (REWARD_PLAN_TIER_NO,REWARD_PLAN_DETAIL_NO,START_RANGE,END_RANGE,PTS_PER_VALUE,VERSION) values (109,8,300,399,2,0);
Insert into LRTB_REWARD_TIER (REWARD_PLAN_TIER_NO,REWARD_PLAN_DETAIL_NO,START_RANGE,END_RANGE,PTS_PER_VALUE,VERSION) values (110,8,100,199,1,0);
Insert into LRTB_REWARD_TIER (REWARD_PLAN_TIER_NO,REWARD_PLAN_DETAIL_NO,START_RANGE,END_RANGE,PTS_PER_VALUE,VERSION) values (102,10,0,99,1,0);
Insert into LRTB_REWARD_TIER (REWARD_PLAN_TIER_NO,REWARD_PLAN_DETAIL_NO,START_RANGE,END_RANGE,PTS_PER_VALUE,VERSION) values (103,10,300,399,4,0);
Insert into LRTB_REWARD_TIER (REWARD_PLAN_TIER_NO,REWARD_PLAN_DETAIL_NO,START_RANGE,END_RANGE,PTS_PER_VALUE,VERSION) values (104,10,100,199,2,0);
Insert into LRTB_REWARD_TIER (REWARD_PLAN_TIER_NO,REWARD_PLAN_DETAIL_NO,START_RANGE,END_RANGE,PTS_PER_VALUE,VERSION) values (111,8,200,299,2,0);
Insert into LRTB_REWARD_TIER (REWARD_PLAN_TIER_NO,REWARD_PLAN_DETAIL_NO,START_RANGE,END_RANGE,PTS_PER_VALUE,VERSION) values (112,7,50,199,2,0);
Insert into LRTB_REWARD_TIER (REWARD_PLAN_TIER_NO,REWARD_PLAN_DETAIL_NO,START_RANGE,END_RANGE,PTS_PER_VALUE,VERSION) values (113,7,0,49,1,0);
Insert into LRTB_REWARD_TIER (REWARD_PLAN_TIER_NO,REWARD_PLAN_DETAIL_NO,START_RANGE,END_RANGE,PTS_PER_VALUE,VERSION) values (114,7,200,499,3,0);
Insert into LRTB_REWARD_TIER (REWARD_PLAN_TIER_NO,REWARD_PLAN_DETAIL_NO,START_RANGE,END_RANGE,PTS_PER_VALUE,VERSION) values (116,13,0,9,1,0);

DROP SEQUENCE LRTB_REWARD_DETAIL_SQ1;
DROP SEQUENCE LRTB_REWARD_MASTER_SQ1;
DROP SEQUENCE LRTB_REWARD_TIER_SQ1;
CREATE SEQUENCE LRTB_REWARD_DETAIL_SQ1  MINVALUE 1 MAXVALUE 999999999999999999 INCREMENT BY 1 START WITH 20 CACHE 10 NOORDER  NOCYCLE ;
CREATE SEQUENCE LRTB_REWARD_MASTER_SQ1  MINVALUE 1 MAXVALUE 999999999999999999 INCREMENT BY 1 START WITH 23 CACHE 10 NOORDER  NOCYCLE ;
CREATE SEQUENCE LRTB_REWARD_TIER_SQ1  MINVALUE 1 MAXVALUE 999999999999999999 INCREMENT BY 1 START WITH 123 CACHE 10 NOORDER  NOCYCLE ;
CREATE SEQUENCE LRTB_GIFT_CATEGORY_SQ1 MINVALUE 1 MAXVALUE 999999999999999999 INCREMENT BY 1 START WITH 9 CACHE 10 NOORDER NOCYCLE;
CREATE SEQUENCE LRTB_GIFT_ITEM_SQ1 MINVALUE 1 MAXVALUE 999999999999999999 INCREMENT BY 1 START WITH 28 CACHE 10 NOORDER NOCYCLE;
CREATE SEQUENCE LRTB_GIFT_STOCK_SQ1 MINVALUE 1 MAXVALUE 999999999999999999 INCREMENT BY 1 START WITH 26 CACHE 10 NOORDER NOCYCLE;

-- INVENTORY
INSERT INTO "SATB_RESOURCE" (RSRC_ID, PAR_RSRC_ID, RSRC_NAME, RSRC_TYPE, URI, SEQUENCE, DISPLAY_NAME, DISPLAY, VERSION)
VALUES (529, 21, 'Manage Inventory', 'U', '/inventory/list_item_type.zul', 6, 'Manage Inventory', 'Y', '0');
INSERT INTO "SATB_RESOURCE" (RSRC_ID, PAR_RSRC_ID, RSRC_NAME, RSRC_TYPE, URI, SEQUENCE, DISPLAY_NAME, DISPLAY, VERSION)
VALUES (530, 529, 'Create Inventory Type', 'U', '/inventory/create_item_type.zul', 2, 'Create Inventory Type', 'N', '0');
INSERT INTO "SATB_RESOURCE" (RSRC_ID, PAR_RSRC_ID, RSRC_NAME, RSRC_TYPE, URI, SEQUENCE, DISPLAY_NAME, DISPLAY, VERSION)
VALUES (531, 529, 'Add Stock', 'U', '/inventory/add_stock.zul', 3, 'Add Stock', 'N', '0');
INSERT INTO "SATB_RESOURCE" (RSRC_ID, PAR_RSRC_ID, RSRC_NAME, RSRC_TYPE, URI, SEQUENCE, DISPLAY_NAME, DISPLAY, VERSION)
VALUES (532, 529, 'View Item Type', 'U', '/inventory/view_item_type.zul', 4, 'View Item Type', 'N', '0');
INSERT INTO "SATB_RESOURCE" (RSRC_ID, PAR_RSRC_ID, RSRC_NAME, RSRC_TYPE, URI, SEQUENCE, DISPLAY_NAME, DISPLAY, VERSION)
VALUES (533, 529, 'Request Issuance', 'U', '/inventory/request_issuance.zul', 5, 'Request Issuance', 'N', '0');
INSERT INTO "SATB_RESOURCE" (RSRC_ID, PAR_RSRC_ID, RSRC_NAME, RSRC_TYPE, URI, SEQUENCE, DISPLAY_NAME, DISPLAY, VERSION)
VALUES (534, 529, 'View Request', 'U', '/inventory/view_request.zul', 5, 'View Request', 'N', '0');
INSERT INTO "SATB_RESOURCE" (RSRC_ID, PAR_RSRC_ID, RSRC_NAME, RSRC_TYPE, URI, SEQUENCE, DISPLAY_NAME, DISPLAY, VERSION)
VALUES (535, 529, 'View Issuance', 'U', '/inventory/view_issuance.zul', 5, 'View Issuance', 'N', '0');

INSERT INTO "SATB_ROLE_RESOURCE" (ROLE_ID, RSRC_ID) VALUES(2, 529);
INSERT INTO "SATB_ROLE_RESOURCE" (ROLE_ID, RSRC_ID) VALUES(2, 530);
INSERT INTO "SATB_ROLE_RESOURCE" (ROLE_ID, RSRC_ID) VALUES(2, 531);
INSERT INTO "SATB_ROLE_RESOURCE" (ROLE_ID, RSRC_ID) VALUES(2, 532);
INSERT INTO "SATB_ROLE_RESOURCE" (ROLE_ID, RSRC_ID) VALUES(2, 533);
INSERT INTO "SATB_ROLE_RESOURCE" (ROLE_ID, RSRC_ID) VALUES(2, 534);
INSERT INTO "SATB_ROLE_RESOURCE" (ROLE_ID, RSRC_ID) VALUES(2, 535);

CREATE TABLE "IMTB_ITEM_TYPE" (
"ITEM_TYPE_NO" NUMBER(8,0) NOT NULL ENABLE, 
"TYPE_NAME" VARCHAR2(80 BYTE) NOT NULL ENABLE, 
"PRICE" NUMBER(12,2) NOT NULL ENABLE, 
"VERSION" NUMBER(9,0) DEFAULT 0
);

CREATE TABLE "IMTB_ISSUE_REQ_FLOW" (
"ISSUE_REQ_FLOW_NO" NUMBER(8,0) NOT NULL ENABLE, 
"PARENT_REQ_FLOW_NO" NUMBER(8,0), 
"ISSUE_REQ_NO" NUMBER(8,0) NOT NULL ENABLE, 
"FROM_STATUS" VARCHAR2(1 BYTE) NOT NULL ENABLE, 
"TO_STATUS" VARCHAR2(1 BYTE) NOT NULL ENABLE, 
"REMARKS" VARCHAR2(500 BYTE), 
"FLOW_DT" TIMESTAMP (6) NOT NULL ENABLE, 
"USER_ID" NUMBER(10,0) NOT NULL ENABLE, 
"VERSION" NUMBER(9,0) DEFAULT 0
);

CREATE TABLE "IMTB_ISSUE_REQ" (
"ISSUE_REQ_NO" NUMBER(8,0) NOT NULL ENABLE, 
"ACCOUNT_NO" NUMBER(8,0) NOT NULL ENABLE, 
"ITEM_TYPE_NO" NUMBER(8,0) NOT NULL ENABLE, 
"ISSUE_REQ_FLOW_NO" NUMBER(8,0),
"QUANTITY" NUMBER(8,0) NOT NULL ENABLE, 
"REQUEST_DT" TIMESTAMP (6) NOT NULL ENABLE, 
"CREATE_BY" VARCHAR2(50 BYTE) NOT NULL ENABLE, 
"VERSION" NUMBER(9,0) DEFAULT 0
);

CREATE TABLE "IMTB_STOCK" (
"STOCK_NO" NUMBER(8,0) NOT NULL ENABLE, 
"ITEM_TYPE_NO" NUMBER(8,0) NOT NULL ENABLE, 
"TXN_TYPE" VARCHAR2(1 BYTE) NOT NULL ENABLE, 
"TXN_DT" TIMESTAMP (6) NOT NULL ENABLE, 
"SERIAL_NO_START" NUMBER(25,0) NOT NULL ENABLE, 
"SERIAL_NO_END" NUMBER(25,0) NOT NULL ENABLE, 
"VERSION" NUMBER(9,0) DEFAULT 0
);

CREATE TABLE "IMTB_ISSUE" (
"ISSUE_NO" NUMBER(8,0) NOT NULL ENABLE, 
"STOCK_NO" NUMBER(8,0) NOT NULL ENABLE,
"EXPIRY_DATE" DATE, 
"HANDLING_FEE" NUMBER(12,2) NOT NULL ENABLE, 
"DISCOUNT" NUMBER(12,2) NOT NULL ENABLE, 
"USER_ID" NUMBER(8,0) NOT NULL ENABLE, 
"VERSION" NUMBER(9,0) DEFAULT 0
);

CREATE TABLE "IMTB_ITEM" (
"ITEM_TYPE_NO" NUMBER(8,0) NOT NULL ENABLE, 
"SERIAL_NO" NUMBER(25,0) NOT NULL ENABLE, 
"ISSUE_NO" NUMBER(8,0) NOT NULL ENABLE, 
"ITEM_NO" NUMBER(18,0) NOT NULL ENABLE,
"STATUS" VARCHAR2(1 BYTE) NOT NULL ENABLE, 
"UPDATE_DT" TIMESTAMP (6) NOT NULL ENABLE, 
"VERSION" NUMBER(9,0) DEFAULT 0
);


ALTER TABLE "IMTB_ITEM_TYPE" ADD CONSTRAINT "IMTB_ITEM_TYPE_PK" PRIMARY KEY ("ITEM_TYPE_NO") ENABLE;
ALTER TABLE "IMTB_ISSUE_REQ_FLOW" ADD CONSTRAINT "IMTB_ISSUE_REQ_FLOW_PK" PRIMARY KEY ("ISSUE_REQ_FLOW_NO") ENABLE;
ALTER TABLE "IMTB_ISSUE_REQ" ADD CONSTRAINT "IMTB_REQUEST_PK" PRIMARY KEY ("ISSUE_REQ_NO") ENABLE;
ALTER TABLE "IMTB_STOCK" ADD CONSTRAINT "IMTB_STOCK_PK" PRIMARY KEY ("STOCK_NO") ENABLE;
ALTER TABLE "IMTB_ISSUE" ADD CONSTRAINT "IMTB_ISSUE_PK" PRIMARY KEY ("ISSUE_NO") ENABLE;
ALTER TABLE "IMTB_ITEM" ADD CONSTRAINT "IMTB_ITEM_PK" PRIMARY KEY ("ITEM_NO") ENABLE;

ALTER TABLE "IMTB_ISSUE_REQ_FLOW" ADD CONSTRAINT "IMTB_ISSUE_REQ_FLOW_FK2" FOREIGN KEY ("USER_ID") REFERENCES "SATB_USER" ("USER_ID") ENABLE;
ALTER TABLE "IMTB_ISSUE_REQ_FLOW" ADD CONSTRAINT "IMTB_ISSUE_REQ_FLOW_FK1" FOREIGN KEY ("ISSUE_REQ_NO") REFERENCES "IMTB_ISSUE_REQ" ("ISSUE_REQ_NO") ENABLE;
ALTER TABLE "IMTB_ISSUE_REQ_FLOW" ADD CONSTRAINT "IMTB_ISSUE_REQ_FLOW_FK3" FOREIGN KEY ("PARENT_REQ_FLOW_NO") REFERENCES "IMTB_ISSUE_REQ_FLOW" ("ISSUE_REQ_FLOW_NO") ENABLE;

ALTER TABLE "IMTB_ISSUE_REQ" ADD CONSTRAINT "IMTB_ISSUE_REQ_FK1" FOREIGN KEY ("ACCOUNT_NO") REFERENCES "AMTB_ACCOUNT" ("ACCOUNT_NO") ENABLE;
ALTER TABLE "IMTB_ISSUE_REQ" ADD CONSTRAINT "IMTB_ISSUE_REQ_FK2" FOREIGN KEY ("ITEM_TYPE_NO") REFERENCES "IMTB_ITEM_TYPE" ("ITEM_TYPE_NO") ENABLE;
ALTER TABLE "IMTB_ISSUE_REQ" ADD CONSTRAINT "IMTB_ISSUE_REQ_FK3" FOREIGN KEY ("ISSUE_REQ_FLOW_NO") REFERENCES "IMTB_ISSUE_REQ_FLOW" ("ISSUE_REQ_FLOW_NO") ENABLE;

ALTER TABLE "IMTB_STOCK" ADD CONSTRAINT "IMTB_STOCK_FK1" FOREIGN KEY ("ITEM_TYPE_NO") REFERENCES "IMTB_ITEM_TYPE" ("ITEM_TYPE_NO") ENABLE;
COMMENT ON COLUMN "IMTB_STOCK"."TXN_TYPE" IS 'I - Stock In, O - Stock Out';

ALTER TABLE "IMTB_ISSUE" ADD CONSTRAINT "IMTB_ISSUE_UK1" UNIQUE ("STOCK_NO") ENABLE;
ALTER TABLE "IMTB_ISSUE" ADD CONSTRAINT "IMTB_ISSUE_FK1" FOREIGN KEY ("ISSUE_NO") REFERENCES "IMTB_ISSUE_REQ" ("ISSUE_REQ_NO") ENABLE;
ALTER TABLE "IMTB_ISSUE" ADD CONSTRAINT "IMTB_ISSUE_FK2" FOREIGN KEY ("USER_ID") REFERENCES "SATB_USER" ("USER_ID") ENABLE;
ALTER TABLE "IMTB_ISSUE" ADD CONSTRAINT "IMTB_ISSUE_FK3" FOREIGN KEY ("STOCK_NO") REFERENCES "IMTB_STOCK" ("STOCK_NO") ENABLE;

ALTER TABLE "IMTB_ITEM" ADD CONSTRAINT "IMTB_ITEM_UK1" UNIQUE ("ITEM_TYPE_NO", "SERIAL_NO") ENABLE;
ALTER TABLE "IMTB_ITEM" ADD CONSTRAINT "IMTB_ITEM_FK1" FOREIGN KEY ("ITEM_TYPE_NO") REFERENCES "IMTB_ITEM_TYPE" ("ITEM_TYPE_NO") ENABLE;
ALTER TABLE "IMTB_ITEM" ADD CONSTRAINT "IMTB_ITEM_FK2" FOREIGN KEY ("ISSUE_NO") REFERENCES "IMTB_ISSUE" ("ISSUE_NO") ENABLE;
COMMENT ON COLUMN "IMTB_ITEM"."STATUS" IS 'I - Issued, R - Redeemed';



Insert into IMTB_ITEM_TYPE (ITEM_TYPE_NO,TYPE_NAME,PRICE,VERSION) values (1,'$5 CASH VOUCHER',5,0);
Insert into IMTB_ITEM_TYPE (ITEM_TYPE_NO,TYPE_NAME,PRICE,VERSION) values (2,'$10 CASH VOUCHER',10,0);
Insert into IMTB_ITEM_TYPE (ITEM_TYPE_NO,TYPE_NAME,PRICE,VERSION) values (3,'$20 CASH VOUCHER',20,0);
Insert into IMTB_ITEM_TYPE (ITEM_TYPE_NO,TYPE_NAME,PRICE,VERSION) values (4,'$50 CASH VOUCHER',50,0);
Insert into IMTB_ITEM_TYPE (ITEM_TYPE_NO,TYPE_NAME,PRICE,VERSION) values (6,'$100 CASH VOUCHER',100,0);

--Insert into IMTB_ISSUE_REQ (ISSUE_REQ_NO,ACCOUNT_NO,ITEM_TYPE_NO,QUANTITY,REQUEST_DT,VERSION,CREATE_BY,ISSUE_REQ_FLOW_NO) values (1,102,1,100,to_timestamp('28/08/09 07:03:23.000000000 PM','DD/MM/RR HH12:MI:SS.FF AM'),0,'user',8);
--Insert into IMTB_ISSUE_REQ (ISSUE_REQ_NO,ACCOUNT_NO,ITEM_TYPE_NO,QUANTITY,REQUEST_DT,VERSION,CREATE_BY,ISSUE_REQ_FLOW_NO) values (2,104,1,500,to_timestamp('28/08/09 07:05:43.000000000 PM','DD/MM/RR HH12:MI:SS.FF AM'),0,'user',11);
--Insert into IMTB_ISSUE_REQ (ISSUE_REQ_NO,ACCOUNT_NO,ITEM_TYPE_NO,QUANTITY,REQUEST_DT,VERSION,CREATE_BY,ISSUE_REQ_FLOW_NO) values (3,106,1,150,to_timestamp('28/08/09 07:12:02.000000000 PM','DD/MM/RR HH12:MI:SS.FF AM'),0,'user',20);
--Insert into IMTB_ISSUE_REQ (ISSUE_REQ_NO,ACCOUNT_NO,ITEM_TYPE_NO,QUANTITY,REQUEST_DT,VERSION,CREATE_BY,ISSUE_REQ_FLOW_NO) values (4,6,1,50,to_timestamp('29/08/09 04:03:43.000000000 PM','DD/MM/RR HH12:MI:SS.FF AM'),0,'user',23);
--Insert into IMTB_ISSUE_REQ (ISSUE_REQ_NO,ACCOUNT_NO,ITEM_TYPE_NO,QUANTITY,REQUEST_DT,VERSION,CREATE_BY,ISSUE_REQ_FLOW_NO) values (5,19,1,100,to_timestamp('29/08/09 04:15:28.000000000 PM','DD/MM/RR HH12:MI:SS.FF AM'),0,'user',10);
--Insert into IMTB_ISSUE_REQ (ISSUE_REQ_NO,ACCOUNT_NO,ITEM_TYPE_NO,QUANTITY,REQUEST_DT,VERSION,CREATE_BY,ISSUE_REQ_FLOW_NO) values (6,17,1,250,to_timestamp('29/08/09 04:37:32.000000000 PM','DD/MM/RR HH12:MI:SS.FF AM'),0,'user',6);
--Insert into IMTB_ISSUE_REQ (ISSUE_REQ_NO,ACCOUNT_NO,ITEM_TYPE_NO,QUANTITY,REQUEST_DT,VERSION,CREATE_BY,ISSUE_REQ_FLOW_NO) values (14,76,1,300,to_timestamp('30/08/09 06:00:39.000000000 PM','DD/MM/RR HH12:MI:SS.FF AM'),0,'user',30);
--Insert into IMTB_ISSUE_REQ (ISSUE_REQ_NO,ACCOUNT_NO,ITEM_TYPE_NO,QUANTITY,REQUEST_DT,VERSION,CREATE_BY,ISSUE_REQ_FLOW_NO) values (15,19,1,100,to_timestamp('31/08/09 01:07:20.000000000 PM','DD/MM/RR HH12:MI:SS.FF AM'),0,'user',40);

Insert into IMTB_ISSUE_REQ (ISSUE_REQ_NO,ACCOUNT_NO,ITEM_TYPE_NO,QUANTITY,REQUEST_DT,VERSION,CREATE_BY,ISSUE_REQ_FLOW_NO) values (1,3,1,100,to_timestamp('28/08/09 07:03:23.000000000 PM','DD/MM/RR HH12:MI:SS.FF AM'),0,'user',8);
Insert into IMTB_ISSUE_REQ (ISSUE_REQ_NO,ACCOUNT_NO,ITEM_TYPE_NO,QUANTITY,REQUEST_DT,VERSION,CREATE_BY,ISSUE_REQ_FLOW_NO) values (2,3,1,500,to_timestamp('28/08/09 07:05:43.000000000 PM','DD/MM/RR HH12:MI:SS.FF AM'),0,'user',11);
Insert into IMTB_ISSUE_REQ (ISSUE_REQ_NO,ACCOUNT_NO,ITEM_TYPE_NO,QUANTITY,REQUEST_DT,VERSION,CREATE_BY,ISSUE_REQ_FLOW_NO) values (3,13,1,150,to_timestamp('28/08/09 07:12:02.000000000 PM','DD/MM/RR HH12:MI:SS.FF AM'),0,'user',20);
Insert into IMTB_ISSUE_REQ (ISSUE_REQ_NO,ACCOUNT_NO,ITEM_TYPE_NO,QUANTITY,REQUEST_DT,VERSION,CREATE_BY,ISSUE_REQ_FLOW_NO) values (4,13,1,50,to_timestamp('29/08/09 04:03:43.000000000 PM','DD/MM/RR HH12:MI:SS.FF AM'),0,'user',23);
Insert into IMTB_ISSUE_REQ (ISSUE_REQ_NO,ACCOUNT_NO,ITEM_TYPE_NO,QUANTITY,REQUEST_DT,VERSION,CREATE_BY,ISSUE_REQ_FLOW_NO) values (5,3,1,100,to_timestamp('29/08/09 04:15:28.000000000 PM','DD/MM/RR HH12:MI:SS.FF AM'),0,'user',10);
Insert into IMTB_ISSUE_REQ (ISSUE_REQ_NO,ACCOUNT_NO,ITEM_TYPE_NO,QUANTITY,REQUEST_DT,VERSION,CREATE_BY,ISSUE_REQ_FLOW_NO) values (6,53,1,250,to_timestamp('29/08/09 04:37:32.000000000 PM','DD/MM/RR HH12:MI:SS.FF AM'),0,'user',6);
Insert into IMTB_ISSUE_REQ (ISSUE_REQ_NO,ACCOUNT_NO,ITEM_TYPE_NO,QUANTITY,REQUEST_DT,VERSION,CREATE_BY,ISSUE_REQ_FLOW_NO) values (14,53,1,300,to_timestamp('30/08/09 06:00:39.000000000 PM','DD/MM/RR HH12:MI:SS.FF AM'),0,'user',30);
Insert into IMTB_ISSUE_REQ (ISSUE_REQ_NO,ACCOUNT_NO,ITEM_TYPE_NO,QUANTITY,REQUEST_DT,VERSION,CREATE_BY,ISSUE_REQ_FLOW_NO) values (15,13,1,100,to_timestamp('31/08/09 01:07:20.000000000 PM','DD/MM/RR HH12:MI:SS.FF AM'),0,'user',40);

Insert into IMTB_ISSUE_REQ_FLOW (ISSUE_REQ_FLOW_NO,PARENT_REQ_FLOW_NO,ISSUE_REQ_NO,FROM_STATUS,TO_STATUS,REMARKS,FLOW_DT,USER_ID,VERSION) values (1,null,1,'N','P','Test',to_timestamp('28/08/09 12:00:00.000000000 AM','DD/MM/RR HH12:MI:SS.FF AM'),2,0);
Insert into IMTB_ISSUE_REQ_FLOW (ISSUE_REQ_FLOW_NO,PARENT_REQ_FLOW_NO,ISSUE_REQ_NO,FROM_STATUS,TO_STATUS,REMARKS,FLOW_DT,USER_ID,VERSION) values (2,null,2,'N','P','Test',to_timestamp('28/08/09 12:00:00.000000000 AM','DD/MM/RR HH12:MI:SS.FF AM'),2,0);
Insert into IMTB_ISSUE_REQ_FLOW (ISSUE_REQ_FLOW_NO,PARENT_REQ_FLOW_NO,ISSUE_REQ_NO,FROM_STATUS,TO_STATUS,REMARKS,FLOW_DT,USER_ID,VERSION) values (3,null,3,'N','P',null,to_timestamp('28/08/09 12:00:00.000000000 AM','DD/MM/RR HH12:MI:SS.FF AM'),2,0);
Insert into IMTB_ISSUE_REQ_FLOW (ISSUE_REQ_FLOW_NO,PARENT_REQ_FLOW_NO,ISSUE_REQ_NO,FROM_STATUS,TO_STATUS,REMARKS,FLOW_DT,USER_ID,VERSION) values (4,null,4,'N','P',null,to_timestamp('28/08/09 12:00:00.000000000 AM','DD/MM/RR HH12:MI:SS.FF AM'),2,0);
Insert into IMTB_ISSUE_REQ_FLOW (ISSUE_REQ_FLOW_NO,PARENT_REQ_FLOW_NO,ISSUE_REQ_NO,FROM_STATUS,TO_STATUS,REMARKS,FLOW_DT,USER_ID,VERSION) values (5,null,5,'N','P',null,to_timestamp('28/08/09 12:00:00.000000000 AM','DD/MM/RR HH12:MI:SS.FF AM'),2,0);
Insert into IMTB_ISSUE_REQ_FLOW (ISSUE_REQ_FLOW_NO,PARENT_REQ_FLOW_NO,ISSUE_REQ_NO,FROM_STATUS,TO_STATUS,REMARKS,FLOW_DT,USER_ID,VERSION) values (6,null,6,'N','P',null,to_timestamp('28/08/09 12:00:00.000000000 AM','DD/MM/RR HH12:MI:SS.FF AM'),2,0);
Insert into IMTB_ISSUE_REQ_FLOW (ISSUE_REQ_FLOW_NO,PARENT_REQ_FLOW_NO,ISSUE_REQ_NO,FROM_STATUS,TO_STATUS,REMARKS,FLOW_DT,USER_ID,VERSION) values (7,null,3,'P','A','Test',to_timestamp('29/08/09 04:55:50.000000000 PM','DD/MM/RR HH12:MI:SS.FF AM'),2,0);
Insert into IMTB_ISSUE_REQ_FLOW (ISSUE_REQ_FLOW_NO,PARENT_REQ_FLOW_NO,ISSUE_REQ_NO,FROM_STATUS,TO_STATUS,REMARKS,FLOW_DT,USER_ID,VERSION) values (8,null,1,'P','A','TEST 123',to_timestamp('29/08/09 05:22:07.000000000 PM','DD/MM/RR HH12:MI:SS.FF AM'),2,0);
Insert into IMTB_ISSUE_REQ_FLOW (ISSUE_REQ_FLOW_NO,PARENT_REQ_FLOW_NO,ISSUE_REQ_NO,FROM_STATUS,TO_STATUS,REMARKS,FLOW_DT,USER_ID,VERSION) values (9,null,4,'P','A',null,to_timestamp('29/08/09 06:41:26.000000000 PM','DD/MM/RR HH12:MI:SS.FF AM'),2,0);
Insert into IMTB_ISSUE_REQ_FLOW (ISSUE_REQ_FLOW_NO,PARENT_REQ_FLOW_NO,ISSUE_REQ_NO,FROM_STATUS,TO_STATUS,REMARKS,FLOW_DT,USER_ID,VERSION) values (10,null,5,'P','R','TEST TEST FIRST LINE

TEST ANOTHER LINE
THIRD LINE SKD HFKDSHF KJAHFLJ HDA GFHLDAKJFHG LJFDAHG DAFG.............. ADGAHDF KGDAFJ HGDAFHG DAJFHG DAHFKJGH DAFJKHGKJDA HGJDAHG JADHFKJGHDAF',to_timestamp('29/08/09 06:42:00.000000000 PM','DD/MM/RR HH12:MI:SS.FF AM'),2,0);
Insert into IMTB_ISSUE_REQ_FLOW (ISSUE_REQ_FLOW_NO,PARENT_REQ_FLOW_NO,ISSUE_REQ_NO,FROM_STATUS,TO_STATUS,REMARKS,FLOW_DT,USER_ID,VERSION) values (11,null,2,'P','R','DENY!',to_timestamp('29/08/09 08:04:05.000000000 PM','DD/MM/RR HH12:MI:SS.FF AM'),2,0);
Insert into IMTB_ISSUE_REQ_FLOW (ISSUE_REQ_FLOW_NO,PARENT_REQ_FLOW_NO,ISSUE_REQ_NO,FROM_STATUS,TO_STATUS,REMARKS,FLOW_DT,USER_ID,VERSION) values (20,null,3,'A','I',null,to_timestamp('30/08/09 04:16:52.000000000 PM','DD/MM/RR HH12:MI:SS.FF AM'),2,0);
Insert into IMTB_ISSUE_REQ_FLOW (ISSUE_REQ_FLOW_NO,PARENT_REQ_FLOW_NO,ISSUE_REQ_NO,FROM_STATUS,TO_STATUS,REMARKS,FLOW_DT,USER_ID,VERSION) values (23,null,4,'I','I',null,to_timestamp('30/08/09 05:39:39.000000000 PM','DD/MM/RR HH12:MI:SS.FF AM'),2,0);
Insert into IMTB_ISSUE_REQ_FLOW (ISSUE_REQ_FLOW_NO,PARENT_REQ_FLOW_NO,ISSUE_REQ_NO,FROM_STATUS,TO_STATUS,REMARKS,FLOW_DT,USER_ID,VERSION) values (28,null,14,'N','P',null,to_timestamp('30/08/09 06:00:39.000000000 PM','DD/MM/RR HH12:MI:SS.FF AM'),2,0);
Insert into IMTB_ISSUE_REQ_FLOW (ISSUE_REQ_FLOW_NO,PARENT_REQ_FLOW_NO,ISSUE_REQ_NO,FROM_STATUS,TO_STATUS,REMARKS,FLOW_DT,USER_ID,VERSION) values (29,null,14,'P','A','OK

GO AHEAD',to_timestamp('30/08/09 06:08:11.000000000 PM','DD/MM/RR HH12:MI:SS.FF AM'),2,0);
Insert into IMTB_ISSUE_REQ_FLOW (ISSUE_REQ_FLOW_NO,PARENT_REQ_FLOW_NO,ISSUE_REQ_NO,FROM_STATUS,TO_STATUS,REMARKS,FLOW_DT,USER_ID,VERSION) values (30,null,14,'A','I',null,to_timestamp('30/08/09 06:09:07.000000000 PM','DD/MM/RR HH12:MI:SS.FF AM'),2,0);
Insert into IMTB_ISSUE_REQ_FLOW (ISSUE_REQ_FLOW_NO,PARENT_REQ_FLOW_NO,ISSUE_REQ_NO,FROM_STATUS,TO_STATUS,REMARKS,FLOW_DT,USER_ID,VERSION) values (31,null,15,'N','P',null,to_timestamp('31/08/09 01:07:20.000000000 PM','DD/MM/RR HH12:MI:SS.FF AM'),2,0);
Insert into IMTB_ISSUE_REQ_FLOW (ISSUE_REQ_FLOW_NO,PARENT_REQ_FLOW_NO,ISSUE_REQ_NO,FROM_STATUS,TO_STATUS,REMARKS,FLOW_DT,USER_ID,VERSION) values (32,null,15,'P','A','OK, GO AHEAD',to_timestamp('31/08/09 01:07:31.000000000 PM','DD/MM/RR HH12:MI:SS.FF AM'),2,0);
Insert into IMTB_ISSUE_REQ_FLOW (ISSUE_REQ_FLOW_NO,PARENT_REQ_FLOW_NO,ISSUE_REQ_NO,FROM_STATUS,TO_STATUS,REMARKS,FLOW_DT,USER_ID,VERSION) values (40,null,15,'A','I',null,to_timestamp('31/08/09 01:17:36.000000000 PM','DD/MM/RR HH12:MI:SS.FF AM'),2,0);

Insert into IMTB_STOCK (STOCK_NO,TXN_TYPE,TXN_DT,ITEM_TYPE_NO,SERIAL_NO_START,SERIAL_NO_END,VERSION) values (1,'I',to_timestamp('20/08/09 12:00:00.000000000 AM','DD/MM/RR HH12:MI:SS.FF AM'),1,1,1000,0);
Insert into IMTB_STOCK (STOCK_NO,TXN_TYPE,TXN_DT,ITEM_TYPE_NO,SERIAL_NO_START,SERIAL_NO_END,VERSION) values (2,'I',to_timestamp('22/08/09 12:00:00.000000000 AM','DD/MM/RR HH12:MI:SS.FF AM'),1,1001,3000,0);
Insert into IMTB_STOCK (STOCK_NO,TXN_TYPE,TXN_DT,ITEM_TYPE_NO,SERIAL_NO_START,SERIAL_NO_END,VERSION) values (3,'I',to_timestamp('22/08/09 12:00:00.000000000 AM','DD/MM/RR HH12:MI:SS.FF AM'),2,1,50,0);
Insert into IMTB_STOCK (STOCK_NO,TXN_TYPE,TXN_DT,ITEM_TYPE_NO,SERIAL_NO_START,SERIAL_NO_END,VERSION) values (4,'I',to_timestamp('22/08/09 12:00:00.000000000 AM','DD/MM/RR HH12:MI:SS.FF AM'),3,1,100,0);
Insert into IMTB_STOCK (STOCK_NO,TXN_TYPE,TXN_DT,ITEM_TYPE_NO,SERIAL_NO_START,SERIAL_NO_END,VERSION) values (5,'I',to_timestamp('20/08/09 12:00:00.000000000 AM','DD/MM/RR HH12:MI:SS.FF AM'),4,1,200,0);
Insert into IMTB_STOCK (STOCK_NO,TXN_TYPE,TXN_DT,ITEM_TYPE_NO,SERIAL_NO_START,SERIAL_NO_END,VERSION) values (6,'I',to_timestamp('22/08/09 12:00:00.000000000 AM','DD/MM/RR HH12:MI:SS.FF AM'),4,201,400,0);
Insert into IMTB_STOCK (STOCK_NO,TXN_TYPE,TXN_DT,ITEM_TYPE_NO,SERIAL_NO_START,SERIAL_NO_END,VERSION) values (7,'S',to_timestamp('23/08/09 12:00:00.000000000 AM','DD/MM/RR HH12:MI:SS.FF AM'),1,1,500,0);
Insert into IMTB_STOCK (STOCK_NO,TXN_TYPE,TXN_DT,ITEM_TYPE_NO,SERIAL_NO_START,SERIAL_NO_END,VERSION) values (8,'S',to_timestamp('23/08/09 12:00:00.000000000 AM','DD/MM/RR HH12:MI:SS.FF AM'),3,41,50,0);
Insert into IMTB_STOCK (STOCK_NO,TXN_TYPE,TXN_DT,ITEM_TYPE_NO,SERIAL_NO_START,SERIAL_NO_END,VERSION) values (9,'I',to_timestamp('28/08/09 12:22:40.000000000 PM','DD/MM/RR HH12:MI:SS.FF AM'),1,3001,3500,0);
Insert into IMTB_STOCK (STOCK_NO,TXN_TYPE,TXN_DT,ITEM_TYPE_NO,SERIAL_NO_START,SERIAL_NO_END,VERSION) values (10,'I',to_timestamp('28/08/09 12:23:17.000000000 PM','DD/MM/RR HH12:MI:SS.FF AM'),1,3501,3600,0);
Insert into IMTB_STOCK (STOCK_NO,TXN_TYPE,TXN_DT,ITEM_TYPE_NO,SERIAL_NO_START,SERIAL_NO_END,VERSION) values (11,'I',to_timestamp('28/08/09 12:23:58.000000000 PM','DD/MM/RR HH12:MI:SS.FF AM'),1,3601,3650,0);
Insert into IMTB_STOCK (STOCK_NO,TXN_TYPE,TXN_DT,ITEM_TYPE_NO,SERIAL_NO_START,SERIAL_NO_END,VERSION) values (12,'I',to_timestamp('28/08/09 12:30:46.000000000 PM','DD/MM/RR HH12:MI:SS.FF AM'),1,3651,3700,0);
Insert into IMTB_STOCK (STOCK_NO,TXN_TYPE,TXN_DT,ITEM_TYPE_NO,SERIAL_NO_START,SERIAL_NO_END,VERSION) values (19,'I',to_timestamp('28/08/09 01:11:13.000000000 PM','DD/MM/RR HH12:MI:SS.FF AM'),1,3701,3750,0);
Insert into IMTB_STOCK (STOCK_NO,TXN_TYPE,TXN_DT,ITEM_TYPE_NO,SERIAL_NO_START,SERIAL_NO_END,VERSION) values (20,'I',to_timestamp('28/08/09 01:11:33.000000000 PM','DD/MM/RR HH12:MI:SS.FF AM'),1,3751,3800,0);
Insert into IMTB_STOCK (STOCK_NO,TXN_TYPE,TXN_DT,ITEM_TYPE_NO,SERIAL_NO_START,SERIAL_NO_END,VERSION) values (21,'I',to_timestamp('28/08/09 01:11:41.000000000 PM','DD/MM/RR HH12:MI:SS.FF AM'),1,3801,4000,0);
Insert into IMTB_STOCK (STOCK_NO,TXN_TYPE,TXN_DT,ITEM_TYPE_NO,SERIAL_NO_START,SERIAL_NO_END,VERSION) values (22,'I',to_timestamp('28/08/09 01:11:46.000000000 PM','DD/MM/RR HH12:MI:SS.FF AM'),1,4001,4500,0);
Insert into IMTB_STOCK (STOCK_NO,TXN_TYPE,TXN_DT,ITEM_TYPE_NO,SERIAL_NO_START,SERIAL_NO_END,VERSION) values (23,'I',to_timestamp('28/08/09 01:11:46.000000000 PM','DD/MM/RR HH12:MI:SS.FF AM'),1,4551,4600,0);
Insert into IMTB_STOCK (STOCK_NO,TXN_TYPE,TXN_DT,ITEM_TYPE_NO,SERIAL_NO_START,SERIAL_NO_END,VERSION) values (24,'I',to_timestamp('28/08/09 01:11:46.000000000 PM','DD/MM/RR HH12:MI:SS.FF AM'),1,4601,5000,0);
Insert into IMTB_STOCK (STOCK_NO,TXN_TYPE,TXN_DT,ITEM_TYPE_NO,SERIAL_NO_START,SERIAL_NO_END,VERSION) values (25,'I',to_timestamp('28/08/09 01:11:46.000000000 PM','DD/MM/RR HH12:MI:SS.FF AM'),1,5501,6000,0);
Insert into IMTB_STOCK (STOCK_NO,TXN_TYPE,TXN_DT,ITEM_TYPE_NO,SERIAL_NO_START,SERIAL_NO_END,VERSION) values (26,'S',to_timestamp('30/08/09 12:00:00.000000000 AM','DD/MM/RR HH12:MI:SS.FF AM'),1,501,650,0);
Insert into IMTB_STOCK (STOCK_NO,TXN_TYPE,TXN_DT,ITEM_TYPE_NO,SERIAL_NO_START,SERIAL_NO_END,VERSION) values (27,'S',to_timestamp('30/08/09 05:39:39.000000000 PM','DD/MM/RR HH12:MI:SS.FF AM'),1,651,700,0);
Insert into IMTB_STOCK (STOCK_NO,TXN_TYPE,TXN_DT,ITEM_TYPE_NO,SERIAL_NO_START,SERIAL_NO_END,VERSION) values (28,'S',to_timestamp('30/08/09 06:09:07.000000000 PM','DD/MM/RR HH12:MI:SS.FF AM'),1,701,1000,0);
Insert into IMTB_STOCK (STOCK_NO,TXN_TYPE,TXN_DT,ITEM_TYPE_NO,SERIAL_NO_START,SERIAL_NO_END,VERSION) values (36,'S',to_timestamp('31/08/09 01:17:36.000000000 PM','DD/MM/RR HH12:MI:SS.FF AM'),1,1001,1100,0);
Insert into IMTB_STOCK (STOCK_NO,TXN_TYPE,TXN_DT,ITEM_TYPE_NO,SERIAL_NO_START,SERIAL_NO_END,VERSION) values (37,'I',to_timestamp('31/08/09 01:21:36.000000000 PM','DD/MM/RR HH12:MI:SS.FF AM'),1,6001,7000,0);

Insert into IMTB_ISSUE (ISSUE_NO,EXPIRY_DATE,HANDLING_FEE,DISCOUNT,VERSION,USER_ID,STOCK_NO) values (15,to_timestamp('31/12/09 12:00:00.000000000 AM','DD/MM/RR HH12:MI:SS.FF AM'),0,0,0,2,36);
Insert into IMTB_ISSUE (ISSUE_NO,EXPIRY_DATE,HANDLING_FEE,DISCOUNT,VERSION,USER_ID,STOCK_NO) values (3,null,0,0,0,2,26);
Insert into IMTB_ISSUE (ISSUE_NO,EXPIRY_DATE,HANDLING_FEE,DISCOUNT,VERSION,USER_ID,STOCK_NO) values (4,to_timestamp('31/12/10 12:00:00.000000000 AM','DD/MM/RR HH12:MI:SS.FF AM'),0,0,0,2,27);
Insert into IMTB_ISSUE (ISSUE_NO,EXPIRY_DATE,HANDLING_FEE,DISCOUNT,VERSION,USER_ID,STOCK_NO) values (14,to_timestamp('31/12/11 12:00:00.000000000 AM','DD/MM/RR HH12:MI:SS.FF AM'),0.5,1,0,2,28);

Insert into IMTB_ITEM (ITEM_TYPE_NO,SERIAL_NO,STATUS,VERSION,UPDATE_DT,ISSUE_NO,ITEM_NO) values (1,701,'R',0,to_timestamp('30/08/09 06:09:07.000000000 PM','DD/MM/RR HH12:MI:SS.FF AM'),14,320);
Insert into IMTB_ITEM (ITEM_TYPE_NO,SERIAL_NO,STATUS,VERSION,UPDATE_DT,ISSUE_NO,ITEM_NO) values (1,702,'I',0,to_timestamp('30/08/09 06:09:07.000000000 PM','DD/MM/RR HH12:MI:SS.FF AM'),14,321);
Insert into IMTB_ITEM (ITEM_TYPE_NO,SERIAL_NO,STATUS,VERSION,UPDATE_DT,ISSUE_NO,ITEM_NO) values (1,703,'R',0,to_timestamp('30/08/09 06:09:07.000000000 PM','DD/MM/RR HH12:MI:SS.FF AM'),14,322);
Insert into IMTB_ITEM (ITEM_TYPE_NO,SERIAL_NO,STATUS,VERSION,UPDATE_DT,ISSUE_NO,ITEM_NO) values (1,704,'R',0,to_timestamp('30/08/09 06:09:07.000000000 PM','DD/MM/RR HH12:MI:SS.FF AM'),14,323);
Insert into IMTB_ITEM (ITEM_TYPE_NO,SERIAL_NO,STATUS,VERSION,UPDATE_DT,ISSUE_NO,ITEM_NO) values (1,705,'I',0,to_timestamp('30/08/09 06:09:07.000000000 PM','DD/MM/RR HH12:MI:SS.FF AM'),14,324);
Insert into IMTB_ITEM (ITEM_TYPE_NO,SERIAL_NO,STATUS,VERSION,UPDATE_DT,ISSUE_NO,ITEM_NO) values (1,706,'I',0,to_timestamp('30/08/09 06:09:07.000000000 PM','DD/MM/RR HH12:MI:SS.FF AM'),14,325);
Insert into IMTB_ITEM (ITEM_TYPE_NO,SERIAL_NO,STATUS,VERSION,UPDATE_DT,ISSUE_NO,ITEM_NO) values (1,707,'I',0,to_timestamp('30/08/09 06:09:07.000000000 PM','DD/MM/RR HH12:MI:SS.FF AM'),14,326);
Insert into IMTB_ITEM (ITEM_TYPE_NO,SERIAL_NO,STATUS,VERSION,UPDATE_DT,ISSUE_NO,ITEM_NO) values (1,708,'I',0,to_timestamp('30/08/09 06:09:07.000000000 PM','DD/MM/RR HH12:MI:SS.FF AM'),14,327);
Insert into IMTB_ITEM (ITEM_TYPE_NO,SERIAL_NO,STATUS,VERSION,UPDATE_DT,ISSUE_NO,ITEM_NO) values (1,709,'I',0,to_timestamp('30/08/09 06:09:07.000000000 PM','DD/MM/RR HH12:MI:SS.FF AM'),14,328);
Insert into IMTB_ITEM (ITEM_TYPE_NO,SERIAL_NO,STATUS,VERSION,UPDATE_DT,ISSUE_NO,ITEM_NO) values (1,710,'I',0,to_timestamp('30/08/09 06:09:07.000000000 PM','DD/MM/RR HH12:MI:SS.FF AM'),14,329);
Insert into IMTB_ITEM (ITEM_TYPE_NO,SERIAL_NO,STATUS,VERSION,UPDATE_DT,ISSUE_NO,ITEM_NO) values (1,711,'I',0,to_timestamp('30/08/09 06:09:07.000000000 PM','DD/MM/RR HH12:MI:SS.FF AM'),14,330);
Insert into IMTB_ITEM (ITEM_TYPE_NO,SERIAL_NO,STATUS,VERSION,UPDATE_DT,ISSUE_NO,ITEM_NO) values (1,712,'I',0,to_timestamp('30/08/09 06:09:07.000000000 PM','DD/MM/RR HH12:MI:SS.FF AM'),14,331);
Insert into IMTB_ITEM (ITEM_TYPE_NO,SERIAL_NO,STATUS,VERSION,UPDATE_DT,ISSUE_NO,ITEM_NO) values (1,713,'I',0,to_timestamp('30/08/09 06:09:07.000000000 PM','DD/MM/RR HH12:MI:SS.FF AM'),14,332);
Insert into IMTB_ITEM (ITEM_TYPE_NO,SERIAL_NO,STATUS,VERSION,UPDATE_DT,ISSUE_NO,ITEM_NO) values (1,714,'I',0,to_timestamp('30/08/09 06:09:07.000000000 PM','DD/MM/RR HH12:MI:SS.FF AM'),14,333);
Insert into IMTB_ITEM (ITEM_TYPE_NO,SERIAL_NO,STATUS,VERSION,UPDATE_DT,ISSUE_NO,ITEM_NO) values (1,715,'R',0,to_timestamp('30/08/09 06:09:07.000000000 PM','DD/MM/RR HH12:MI:SS.FF AM'),14,334);
Insert into IMTB_ITEM (ITEM_TYPE_NO,SERIAL_NO,STATUS,VERSION,UPDATE_DT,ISSUE_NO,ITEM_NO) values (1,501,'R',0,to_timestamp('30/08/09 04:16:52.000000000 PM','DD/MM/RR HH12:MI:SS.FF AM'),3,20);
Insert into IMTB_ITEM (ITEM_TYPE_NO,SERIAL_NO,STATUS,VERSION,UPDATE_DT,ISSUE_NO,ITEM_NO) values (1,502,'I',0,to_timestamp('30/08/09 04:16:52.000000000 PM','DD/MM/RR HH12:MI:SS.FF AM'),3,21);
Insert into IMTB_ITEM (ITEM_TYPE_NO,SERIAL_NO,STATUS,VERSION,UPDATE_DT,ISSUE_NO,ITEM_NO) values (1,503,'I',0,to_timestamp('30/08/09 04:16:52.000000000 PM','DD/MM/RR HH12:MI:SS.FF AM'),3,22);
Insert into IMTB_ITEM (ITEM_TYPE_NO,SERIAL_NO,STATUS,VERSION,UPDATE_DT,ISSUE_NO,ITEM_NO) values (1,504,'R',0,to_timestamp('30/08/09 04:16:52.000000000 PM','DD/MM/RR HH12:MI:SS.FF AM'),3,23);
Insert into IMTB_ITEM (ITEM_TYPE_NO,SERIAL_NO,STATUS,VERSION,UPDATE_DT,ISSUE_NO,ITEM_NO) values (1,505,'R',0,to_timestamp('30/08/09 04:16:52.000000000 PM','DD/MM/RR HH12:MI:SS.FF AM'),3,24);
Insert into IMTB_ITEM (ITEM_TYPE_NO,SERIAL_NO,STATUS,VERSION,UPDATE_DT,ISSUE_NO,ITEM_NO) values (1,506,'R',0,to_timestamp('30/08/09 04:16:52.000000000 PM','DD/MM/RR HH12:MI:SS.FF AM'),3,25);
Insert into IMTB_ITEM (ITEM_TYPE_NO,SERIAL_NO,STATUS,VERSION,UPDATE_DT,ISSUE_NO,ITEM_NO) values (1,507,'I',0,to_timestamp('30/08/09 04:16:52.000000000 PM','DD/MM/RR HH12:MI:SS.FF AM'),3,26);
Insert into IMTB_ITEM (ITEM_TYPE_NO,SERIAL_NO,STATUS,VERSION,UPDATE_DT,ISSUE_NO,ITEM_NO) values (1,508,'I',0,to_timestamp('30/08/09 04:16:52.000000000 PM','DD/MM/RR HH12:MI:SS.FF AM'),3,27);
Insert into IMTB_ITEM (ITEM_TYPE_NO,SERIAL_NO,STATUS,VERSION,UPDATE_DT,ISSUE_NO,ITEM_NO) values (1,509,'I',0,to_timestamp('30/08/09 04:16:52.000000000 PM','DD/MM/RR HH12:MI:SS.FF AM'),3,28);
Insert into IMTB_ITEM (ITEM_TYPE_NO,SERIAL_NO,STATUS,VERSION,UPDATE_DT,ISSUE_NO,ITEM_NO) values (1,510,'I',0,to_timestamp('30/08/09 04:16:52.000000000 PM','DD/MM/RR HH12:MI:SS.FF AM'),3,29);
Insert into IMTB_ITEM (ITEM_TYPE_NO,SERIAL_NO,STATUS,VERSION,UPDATE_DT,ISSUE_NO,ITEM_NO) values (1,511,'I',0,to_timestamp('30/08/09 04:16:52.000000000 PM','DD/MM/RR HH12:MI:SS.FF AM'),3,30);
Insert into IMTB_ITEM (ITEM_TYPE_NO,SERIAL_NO,STATUS,VERSION,UPDATE_DT,ISSUE_NO,ITEM_NO) values (1,512,'I',0,to_timestamp('30/08/09 04:16:52.000000000 PM','DD/MM/RR HH12:MI:SS.FF AM'),3,31);
Insert into IMTB_ITEM (ITEM_TYPE_NO,SERIAL_NO,STATUS,VERSION,UPDATE_DT,ISSUE_NO,ITEM_NO) values (1,513,'I',0,to_timestamp('30/08/09 04:16:52.000000000 PM','DD/MM/RR HH12:MI:SS.FF AM'),3,32);
Insert into IMTB_ITEM (ITEM_TYPE_NO,SERIAL_NO,STATUS,VERSION,UPDATE_DT,ISSUE_NO,ITEM_NO) values (1,514,'I',0,to_timestamp('30/08/09 04:16:52.000000000 PM','DD/MM/RR HH12:MI:SS.FF AM'),3,33);
Insert into IMTB_ITEM (ITEM_TYPE_NO,SERIAL_NO,STATUS,VERSION,UPDATE_DT,ISSUE_NO,ITEM_NO) values (1,515,'I',0,to_timestamp('30/08/09 04:16:52.000000000 PM','DD/MM/RR HH12:MI:SS.FF AM'),3,34);
Insert into IMTB_ITEM (ITEM_TYPE_NO,SERIAL_NO,STATUS,VERSION,UPDATE_DT,ISSUE_NO,ITEM_NO) values (1,516,'I',0,to_timestamp('30/08/09 04:16:52.000000000 PM','DD/MM/RR HH12:MI:SS.FF AM'),3,35);
Insert into IMTB_ITEM (ITEM_TYPE_NO,SERIAL_NO,STATUS,VERSION,UPDATE_DT,ISSUE_NO,ITEM_NO) values (1,517,'I',0,to_timestamp('30/08/09 04:16:52.000000000 PM','DD/MM/RR HH12:MI:SS.FF AM'),3,36);
Insert into IMTB_ITEM (ITEM_TYPE_NO,SERIAL_NO,STATUS,VERSION,UPDATE_DT,ISSUE_NO,ITEM_NO) values (1,518,'R',0,to_timestamp('30/08/09 04:16:52.000000000 PM','DD/MM/RR HH12:MI:SS.FF AM'),3,37);
Insert into IMTB_ITEM (ITEM_TYPE_NO,SERIAL_NO,STATUS,VERSION,UPDATE_DT,ISSUE_NO,ITEM_NO) values (1,519,'R',0,to_timestamp('30/08/09 04:16:52.000000000 PM','DD/MM/RR HH12:MI:SS.FF AM'),3,38);
Insert into IMTB_ITEM (ITEM_TYPE_NO,SERIAL_NO,STATUS,VERSION,UPDATE_DT,ISSUE_NO,ITEM_NO) values (1,520,'I',0,to_timestamp('30/08/09 04:16:52.000000000 PM','DD/MM/RR HH12:MI:SS.FF AM'),3,39);
Insert into IMTB_ITEM (ITEM_TYPE_NO,SERIAL_NO,STATUS,VERSION,UPDATE_DT,ISSUE_NO,ITEM_NO) values (1,521,'I',0,to_timestamp('30/08/09 04:16:52.000000000 PM','DD/MM/RR HH12:MI:SS.FF AM'),3,40);
Insert into IMTB_ITEM (ITEM_TYPE_NO,SERIAL_NO,STATUS,VERSION,UPDATE_DT,ISSUE_NO,ITEM_NO) values (1,522,'I',0,to_timestamp('30/08/09 04:16:52.000000000 PM','DD/MM/RR HH12:MI:SS.FF AM'),3,41);
Insert into IMTB_ITEM (ITEM_TYPE_NO,SERIAL_NO,STATUS,VERSION,UPDATE_DT,ISSUE_NO,ITEM_NO) values (1,523,'I',0,to_timestamp('30/08/09 04:16:52.000000000 PM','DD/MM/RR HH12:MI:SS.FF AM'),3,42);
Insert into IMTB_ITEM (ITEM_TYPE_NO,SERIAL_NO,STATUS,VERSION,UPDATE_DT,ISSUE_NO,ITEM_NO) values (1,524,'R',0,to_timestamp('30/08/09 04:16:52.000000000 PM','DD/MM/RR HH12:MI:SS.FF AM'),3,43);
Insert into IMTB_ITEM (ITEM_TYPE_NO,SERIAL_NO,STATUS,VERSION,UPDATE_DT,ISSUE_NO,ITEM_NO) values (1,525,'I',0,to_timestamp('30/08/09 04:16:52.000000000 PM','DD/MM/RR HH12:MI:SS.FF AM'),3,44);
Insert into IMTB_ITEM (ITEM_TYPE_NO,SERIAL_NO,STATUS,VERSION,UPDATE_DT,ISSUE_NO,ITEM_NO) values (1,526,'I',0,to_timestamp('30/08/09 04:16:52.000000000 PM','DD/MM/RR HH12:MI:SS.FF AM'),3,45);
Insert into IMTB_ITEM (ITEM_TYPE_NO,SERIAL_NO,STATUS,VERSION,UPDATE_DT,ISSUE_NO,ITEM_NO) values (1,527,'I',0,to_timestamp('30/08/09 04:16:52.000000000 PM','DD/MM/RR HH12:MI:SS.FF AM'),3,46);
Insert into IMTB_ITEM (ITEM_TYPE_NO,SERIAL_NO,STATUS,VERSION,UPDATE_DT,ISSUE_NO,ITEM_NO) values (1,528,'I',0,to_timestamp('30/08/09 04:16:52.000000000 PM','DD/MM/RR HH12:MI:SS.FF AM'),3,47);
Insert into IMTB_ITEM (ITEM_TYPE_NO,SERIAL_NO,STATUS,VERSION,UPDATE_DT,ISSUE_NO,ITEM_NO) values (1,529,'I',0,to_timestamp('30/08/09 04:16:52.000000000 PM','DD/MM/RR HH12:MI:SS.FF AM'),3,48);
Insert into IMTB_ITEM (ITEM_TYPE_NO,SERIAL_NO,STATUS,VERSION,UPDATE_DT,ISSUE_NO,ITEM_NO) values (1,530,'R',0,to_timestamp('30/08/09 04:16:52.000000000 PM','DD/MM/RR HH12:MI:SS.FF AM'),3,49);
Insert into IMTB_ITEM (ITEM_TYPE_NO,SERIAL_NO,STATUS,VERSION,UPDATE_DT,ISSUE_NO,ITEM_NO) values (1,531,'I',0,to_timestamp('30/08/09 04:16:52.000000000 PM','DD/MM/RR HH12:MI:SS.FF AM'),3,50);
Insert into IMTB_ITEM (ITEM_TYPE_NO,SERIAL_NO,STATUS,VERSION,UPDATE_DT,ISSUE_NO,ITEM_NO) values (1,532,'I',0,to_timestamp('30/08/09 04:16:52.000000000 PM','DD/MM/RR HH12:MI:SS.FF AM'),3,51);
Insert into IMTB_ITEM (ITEM_TYPE_NO,SERIAL_NO,STATUS,VERSION,UPDATE_DT,ISSUE_NO,ITEM_NO) values (1,533,'I',0,to_timestamp('30/08/09 04:16:52.000000000 PM','DD/MM/RR HH12:MI:SS.FF AM'),3,52);
Insert into IMTB_ITEM (ITEM_TYPE_NO,SERIAL_NO,STATUS,VERSION,UPDATE_DT,ISSUE_NO,ITEM_NO) values (1,534,'I',0,to_timestamp('30/08/09 04:16:52.000000000 PM','DD/MM/RR HH12:MI:SS.FF AM'),3,53);
Insert into IMTB_ITEM (ITEM_TYPE_NO,SERIAL_NO,STATUS,VERSION,UPDATE_DT,ISSUE_NO,ITEM_NO) values (1,535,'I',0,to_timestamp('30/08/09 04:16:52.000000000 PM','DD/MM/RR HH12:MI:SS.FF AM'),3,54);
Insert into IMTB_ITEM (ITEM_TYPE_NO,SERIAL_NO,STATUS,VERSION,UPDATE_DT,ISSUE_NO,ITEM_NO) values (1,536,'R',0,to_timestamp('30/08/09 04:16:52.000000000 PM','DD/MM/RR HH12:MI:SS.FF AM'),3,55);
Insert into IMTB_ITEM (ITEM_TYPE_NO,SERIAL_NO,STATUS,VERSION,UPDATE_DT,ISSUE_NO,ITEM_NO) values (1,537,'I',0,to_timestamp('30/08/09 04:16:52.000000000 PM','DD/MM/RR HH12:MI:SS.FF AM'),3,56);
Insert into IMTB_ITEM (ITEM_TYPE_NO,SERIAL_NO,STATUS,VERSION,UPDATE_DT,ISSUE_NO,ITEM_NO) values (1,538,'R',0,to_timestamp('30/08/09 04:16:52.000000000 PM','DD/MM/RR HH12:MI:SS.FF AM'),3,57);
Insert into IMTB_ITEM (ITEM_TYPE_NO,SERIAL_NO,STATUS,VERSION,UPDATE_DT,ISSUE_NO,ITEM_NO) values (1,539,'I',0,to_timestamp('30/08/09 04:16:52.000000000 PM','DD/MM/RR HH12:MI:SS.FF AM'),3,58);
Insert into IMTB_ITEM (ITEM_TYPE_NO,SERIAL_NO,STATUS,VERSION,UPDATE_DT,ISSUE_NO,ITEM_NO) values (1,540,'I',0,to_timestamp('30/08/09 04:16:52.000000000 PM','DD/MM/RR HH12:MI:SS.FF AM'),3,59);
Insert into IMTB_ITEM (ITEM_TYPE_NO,SERIAL_NO,STATUS,VERSION,UPDATE_DT,ISSUE_NO,ITEM_NO) values (1,541,'R',0,to_timestamp('30/08/09 04:16:52.000000000 PM','DD/MM/RR HH12:MI:SS.FF AM'),3,60);
Insert into IMTB_ITEM (ITEM_TYPE_NO,SERIAL_NO,STATUS,VERSION,UPDATE_DT,ISSUE_NO,ITEM_NO) values (1,542,'I',0,to_timestamp('30/08/09 04:16:52.000000000 PM','DD/MM/RR HH12:MI:SS.FF AM'),3,61);
Insert into IMTB_ITEM (ITEM_TYPE_NO,SERIAL_NO,STATUS,VERSION,UPDATE_DT,ISSUE_NO,ITEM_NO) values (1,543,'I',0,to_timestamp('30/08/09 04:16:52.000000000 PM','DD/MM/RR HH12:MI:SS.FF AM'),3,62);
Insert into IMTB_ITEM (ITEM_TYPE_NO,SERIAL_NO,STATUS,VERSION,UPDATE_DT,ISSUE_NO,ITEM_NO) values (1,544,'I',0,to_timestamp('30/08/09 04:16:52.000000000 PM','DD/MM/RR HH12:MI:SS.FF AM'),3,63);
Insert into IMTB_ITEM (ITEM_TYPE_NO,SERIAL_NO,STATUS,VERSION,UPDATE_DT,ISSUE_NO,ITEM_NO) values (1,545,'I',0,to_timestamp('30/08/09 04:16:52.000000000 PM','DD/MM/RR HH12:MI:SS.FF AM'),3,64);
Insert into IMTB_ITEM (ITEM_TYPE_NO,SERIAL_NO,STATUS,VERSION,UPDATE_DT,ISSUE_NO,ITEM_NO) values (1,546,'R',0,to_timestamp('30/08/09 04:16:52.000000000 PM','DD/MM/RR HH12:MI:SS.FF AM'),3,65);
Insert into IMTB_ITEM (ITEM_TYPE_NO,SERIAL_NO,STATUS,VERSION,UPDATE_DT,ISSUE_NO,ITEM_NO) values (1,547,'R',0,to_timestamp('30/08/09 04:16:52.000000000 PM','DD/MM/RR HH12:MI:SS.FF AM'),3,66);
Insert into IMTB_ITEM (ITEM_TYPE_NO,SERIAL_NO,STATUS,VERSION,UPDATE_DT,ISSUE_NO,ITEM_NO) values (1,548,'R',0,to_timestamp('30/08/09 04:16:52.000000000 PM','DD/MM/RR HH12:MI:SS.FF AM'),3,67);
Insert into IMTB_ITEM (ITEM_TYPE_NO,SERIAL_NO,STATUS,VERSION,UPDATE_DT,ISSUE_NO,ITEM_NO) values (1,549,'R',0,to_timestamp('30/08/09 04:16:52.000000000 PM','DD/MM/RR HH12:MI:SS.FF AM'),3,68);
Insert into IMTB_ITEM (ITEM_TYPE_NO,SERIAL_NO,STATUS,VERSION,UPDATE_DT,ISSUE_NO,ITEM_NO) values (1,550,'R',0,to_timestamp('30/08/09 04:16:52.000000000 PM','DD/MM/RR HH12:MI:SS.FF AM'),3,69);
Insert into IMTB_ITEM (ITEM_TYPE_NO,SERIAL_NO,STATUS,VERSION,UPDATE_DT,ISSUE_NO,ITEM_NO) values (1,551,'I',0,to_timestamp('30/08/09 04:16:52.000000000 PM','DD/MM/RR HH12:MI:SS.FF AM'),3,70);
Insert into IMTB_ITEM (ITEM_TYPE_NO,SERIAL_NO,STATUS,VERSION,UPDATE_DT,ISSUE_NO,ITEM_NO) values (1,552,'I',0,to_timestamp('30/08/09 04:16:52.000000000 PM','DD/MM/RR HH12:MI:SS.FF AM'),3,71);
Insert into IMTB_ITEM (ITEM_TYPE_NO,SERIAL_NO,STATUS,VERSION,UPDATE_DT,ISSUE_NO,ITEM_NO) values (1,553,'I',0,to_timestamp('30/08/09 04:16:52.000000000 PM','DD/MM/RR HH12:MI:SS.FF AM'),3,72);
Insert into IMTB_ITEM (ITEM_TYPE_NO,SERIAL_NO,STATUS,VERSION,UPDATE_DT,ISSUE_NO,ITEM_NO) values (1,554,'I',0,to_timestamp('30/08/09 04:16:52.000000000 PM','DD/MM/RR HH12:MI:SS.FF AM'),3,73);
Insert into IMTB_ITEM (ITEM_TYPE_NO,SERIAL_NO,STATUS,VERSION,UPDATE_DT,ISSUE_NO,ITEM_NO) values (1,555,'I',0,to_timestamp('30/08/09 04:16:52.000000000 PM','DD/MM/RR HH12:MI:SS.FF AM'),3,74);
Insert into IMTB_ITEM (ITEM_TYPE_NO,SERIAL_NO,STATUS,VERSION,UPDATE_DT,ISSUE_NO,ITEM_NO) values (1,556,'I',0,to_timestamp('30/08/09 04:16:52.000000000 PM','DD/MM/RR HH12:MI:SS.FF AM'),3,75);
Insert into IMTB_ITEM (ITEM_TYPE_NO,SERIAL_NO,STATUS,VERSION,UPDATE_DT,ISSUE_NO,ITEM_NO) values (1,557,'I',0,to_timestamp('30/08/09 04:16:52.000000000 PM','DD/MM/RR HH12:MI:SS.FF AM'),3,76);
Insert into IMTB_ITEM (ITEM_TYPE_NO,SERIAL_NO,STATUS,VERSION,UPDATE_DT,ISSUE_NO,ITEM_NO) values (1,558,'I',0,to_timestamp('30/08/09 04:16:52.000000000 PM','DD/MM/RR HH12:MI:SS.FF AM'),3,77);
Insert into IMTB_ITEM (ITEM_TYPE_NO,SERIAL_NO,STATUS,VERSION,UPDATE_DT,ISSUE_NO,ITEM_NO) values (1,559,'I',0,to_timestamp('30/08/09 04:16:52.000000000 PM','DD/MM/RR HH12:MI:SS.FF AM'),3,78);
Insert into IMTB_ITEM (ITEM_TYPE_NO,SERIAL_NO,STATUS,VERSION,UPDATE_DT,ISSUE_NO,ITEM_NO) values (1,560,'R',0,to_timestamp('30/08/09 04:16:52.000000000 PM','DD/MM/RR HH12:MI:SS.FF AM'),3,79);
Insert into IMTB_ITEM (ITEM_TYPE_NO,SERIAL_NO,STATUS,VERSION,UPDATE_DT,ISSUE_NO,ITEM_NO) values (1,561,'R',0,to_timestamp('30/08/09 04:16:52.000000000 PM','DD/MM/RR HH12:MI:SS.FF AM'),3,80);
Insert into IMTB_ITEM (ITEM_TYPE_NO,SERIAL_NO,STATUS,VERSION,UPDATE_DT,ISSUE_NO,ITEM_NO) values (1,562,'I',0,to_timestamp('30/08/09 04:16:52.000000000 PM','DD/MM/RR HH12:MI:SS.FF AM'),3,81);
Insert into IMTB_ITEM (ITEM_TYPE_NO,SERIAL_NO,STATUS,VERSION,UPDATE_DT,ISSUE_NO,ITEM_NO) values (1,563,'I',0,to_timestamp('30/08/09 04:16:52.000000000 PM','DD/MM/RR HH12:MI:SS.FF AM'),3,82);
Insert into IMTB_ITEM (ITEM_TYPE_NO,SERIAL_NO,STATUS,VERSION,UPDATE_DT,ISSUE_NO,ITEM_NO) values (1,564,'R',0,to_timestamp('30/08/09 04:16:52.000000000 PM','DD/MM/RR HH12:MI:SS.FF AM'),3,83);
Insert into IMTB_ITEM (ITEM_TYPE_NO,SERIAL_NO,STATUS,VERSION,UPDATE_DT,ISSUE_NO,ITEM_NO) values (1,565,'I',0,to_timestamp('30/08/09 04:16:52.000000000 PM','DD/MM/RR HH12:MI:SS.FF AM'),3,84);
Insert into IMTB_ITEM (ITEM_TYPE_NO,SERIAL_NO,STATUS,VERSION,UPDATE_DT,ISSUE_NO,ITEM_NO) values (1,566,'I',0,to_timestamp('30/08/09 04:16:52.000000000 PM','DD/MM/RR HH12:MI:SS.FF AM'),3,85);
Insert into IMTB_ITEM (ITEM_TYPE_NO,SERIAL_NO,STATUS,VERSION,UPDATE_DT,ISSUE_NO,ITEM_NO) values (1,567,'R',0,to_timestamp('30/08/09 04:16:52.000000000 PM','DD/MM/RR HH12:MI:SS.FF AM'),3,86);
Insert into IMTB_ITEM (ITEM_TYPE_NO,SERIAL_NO,STATUS,VERSION,UPDATE_DT,ISSUE_NO,ITEM_NO) values (1,568,'I',0,to_timestamp('30/08/09 04:16:52.000000000 PM','DD/MM/RR HH12:MI:SS.FF AM'),3,87);
Insert into IMTB_ITEM (ITEM_TYPE_NO,SERIAL_NO,STATUS,VERSION,UPDATE_DT,ISSUE_NO,ITEM_NO) values (1,569,'I',0,to_timestamp('30/08/09 04:16:52.000000000 PM','DD/MM/RR HH12:MI:SS.FF AM'),3,88);
Insert into IMTB_ITEM (ITEM_TYPE_NO,SERIAL_NO,STATUS,VERSION,UPDATE_DT,ISSUE_NO,ITEM_NO) values (1,570,'I',0,to_timestamp('30/08/09 04:16:52.000000000 PM','DD/MM/RR HH12:MI:SS.FF AM'),3,89);
Insert into IMTB_ITEM (ITEM_TYPE_NO,SERIAL_NO,STATUS,VERSION,UPDATE_DT,ISSUE_NO,ITEM_NO) values (1,571,'I',0,to_timestamp('30/08/09 04:16:52.000000000 PM','DD/MM/RR HH12:MI:SS.FF AM'),3,90);
Insert into IMTB_ITEM (ITEM_TYPE_NO,SERIAL_NO,STATUS,VERSION,UPDATE_DT,ISSUE_NO,ITEM_NO) values (1,572,'I',0,to_timestamp('30/08/09 04:16:52.000000000 PM','DD/MM/RR HH12:MI:SS.FF AM'),3,91);
Insert into IMTB_ITEM (ITEM_TYPE_NO,SERIAL_NO,STATUS,VERSION,UPDATE_DT,ISSUE_NO,ITEM_NO) values (1,573,'R',0,to_timestamp('30/08/09 04:16:52.000000000 PM','DD/MM/RR HH12:MI:SS.FF AM'),3,92);
Insert into IMTB_ITEM (ITEM_TYPE_NO,SERIAL_NO,STATUS,VERSION,UPDATE_DT,ISSUE_NO,ITEM_NO) values (1,574,'I',0,to_timestamp('30/08/09 04:16:52.000000000 PM','DD/MM/RR HH12:MI:SS.FF AM'),3,93);
Insert into IMTB_ITEM (ITEM_TYPE_NO,SERIAL_NO,STATUS,VERSION,UPDATE_DT,ISSUE_NO,ITEM_NO) values (1,575,'I',0,to_timestamp('30/08/09 04:16:52.000000000 PM','DD/MM/RR HH12:MI:SS.FF AM'),3,94);
Insert into IMTB_ITEM (ITEM_TYPE_NO,SERIAL_NO,STATUS,VERSION,UPDATE_DT,ISSUE_NO,ITEM_NO) values (1,576,'I',0,to_timestamp('30/08/09 04:16:52.000000000 PM','DD/MM/RR HH12:MI:SS.FF AM'),3,95);
Insert into IMTB_ITEM (ITEM_TYPE_NO,SERIAL_NO,STATUS,VERSION,UPDATE_DT,ISSUE_NO,ITEM_NO) values (1,577,'I',0,to_timestamp('30/08/09 04:16:52.000000000 PM','DD/MM/RR HH12:MI:SS.FF AM'),3,96);
Insert into IMTB_ITEM (ITEM_TYPE_NO,SERIAL_NO,STATUS,VERSION,UPDATE_DT,ISSUE_NO,ITEM_NO) values (1,578,'I',0,to_timestamp('30/08/09 04:16:52.000000000 PM','DD/MM/RR HH12:MI:SS.FF AM'),3,97);
Insert into IMTB_ITEM (ITEM_TYPE_NO,SERIAL_NO,STATUS,VERSION,UPDATE_DT,ISSUE_NO,ITEM_NO) values (1,579,'I',0,to_timestamp('30/08/09 04:16:52.000000000 PM','DD/MM/RR HH12:MI:SS.FF AM'),3,98);
Insert into IMTB_ITEM (ITEM_TYPE_NO,SERIAL_NO,STATUS,VERSION,UPDATE_DT,ISSUE_NO,ITEM_NO) values (1,580,'I',0,to_timestamp('30/08/09 04:16:52.000000000 PM','DD/MM/RR HH12:MI:SS.FF AM'),3,99);
Insert into IMTB_ITEM (ITEM_TYPE_NO,SERIAL_NO,STATUS,VERSION,UPDATE_DT,ISSUE_NO,ITEM_NO) values (1,581,'I',0,to_timestamp('30/08/09 04:16:52.000000000 PM','DD/MM/RR HH12:MI:SS.FF AM'),3,100);
Insert into IMTB_ITEM (ITEM_TYPE_NO,SERIAL_NO,STATUS,VERSION,UPDATE_DT,ISSUE_NO,ITEM_NO) values (1,582,'R',0,to_timestamp('30/08/09 04:16:52.000000000 PM','DD/MM/RR HH12:MI:SS.FF AM'),3,101);
Insert into IMTB_ITEM (ITEM_TYPE_NO,SERIAL_NO,STATUS,VERSION,UPDATE_DT,ISSUE_NO,ITEM_NO) values (1,583,'I',0,to_timestamp('30/08/09 04:16:52.000000000 PM','DD/MM/RR HH12:MI:SS.FF AM'),3,102);
Insert into IMTB_ITEM (ITEM_TYPE_NO,SERIAL_NO,STATUS,VERSION,UPDATE_DT,ISSUE_NO,ITEM_NO) values (1,584,'I',0,to_timestamp('30/08/09 04:16:52.000000000 PM','DD/MM/RR HH12:MI:SS.FF AM'),3,103);
Insert into IMTB_ITEM (ITEM_TYPE_NO,SERIAL_NO,STATUS,VERSION,UPDATE_DT,ISSUE_NO,ITEM_NO) values (1,585,'I',0,to_timestamp('30/08/09 04:16:52.000000000 PM','DD/MM/RR HH12:MI:SS.FF AM'),3,104);
Insert into IMTB_ITEM (ITEM_TYPE_NO,SERIAL_NO,STATUS,VERSION,UPDATE_DT,ISSUE_NO,ITEM_NO) values (1,586,'I',0,to_timestamp('30/08/09 04:16:52.000000000 PM','DD/MM/RR HH12:MI:SS.FF AM'),3,105);
Insert into IMTB_ITEM (ITEM_TYPE_NO,SERIAL_NO,STATUS,VERSION,UPDATE_DT,ISSUE_NO,ITEM_NO) values (1,587,'I',0,to_timestamp('30/08/09 04:16:52.000000000 PM','DD/MM/RR HH12:MI:SS.FF AM'),3,106);
Insert into IMTB_ITEM (ITEM_TYPE_NO,SERIAL_NO,STATUS,VERSION,UPDATE_DT,ISSUE_NO,ITEM_NO) values (1,588,'I',0,to_timestamp('30/08/09 04:16:52.000000000 PM','DD/MM/RR HH12:MI:SS.FF AM'),3,107);
Insert into IMTB_ITEM (ITEM_TYPE_NO,SERIAL_NO,STATUS,VERSION,UPDATE_DT,ISSUE_NO,ITEM_NO) values (1,589,'I',0,to_timestamp('30/08/09 04:16:52.000000000 PM','DD/MM/RR HH12:MI:SS.FF AM'),3,108);
Insert into IMTB_ITEM (ITEM_TYPE_NO,SERIAL_NO,STATUS,VERSION,UPDATE_DT,ISSUE_NO,ITEM_NO) values (1,590,'I',0,to_timestamp('30/08/09 04:16:52.000000000 PM','DD/MM/RR HH12:MI:SS.FF AM'),3,109);
Insert into IMTB_ITEM (ITEM_TYPE_NO,SERIAL_NO,STATUS,VERSION,UPDATE_DT,ISSUE_NO,ITEM_NO) values (1,591,'I',0,to_timestamp('30/08/09 04:16:52.000000000 PM','DD/MM/RR HH12:MI:SS.FF AM'),3,110);
Insert into IMTB_ITEM (ITEM_TYPE_NO,SERIAL_NO,STATUS,VERSION,UPDATE_DT,ISSUE_NO,ITEM_NO) values (1,592,'I',0,to_timestamp('30/08/09 04:16:52.000000000 PM','DD/MM/RR HH12:MI:SS.FF AM'),3,111);
Insert into IMTB_ITEM (ITEM_TYPE_NO,SERIAL_NO,STATUS,VERSION,UPDATE_DT,ISSUE_NO,ITEM_NO) values (1,593,'I',0,to_timestamp('30/08/09 04:16:52.000000000 PM','DD/MM/RR HH12:MI:SS.FF AM'),3,112);
Insert into IMTB_ITEM (ITEM_TYPE_NO,SERIAL_NO,STATUS,VERSION,UPDATE_DT,ISSUE_NO,ITEM_NO) values (1,594,'I',0,to_timestamp('30/08/09 04:16:52.000000000 PM','DD/MM/RR HH12:MI:SS.FF AM'),3,113);
Insert into IMTB_ITEM (ITEM_TYPE_NO,SERIAL_NO,STATUS,VERSION,UPDATE_DT,ISSUE_NO,ITEM_NO) values (1,595,'I',0,to_timestamp('30/08/09 04:16:52.000000000 PM','DD/MM/RR HH12:MI:SS.FF AM'),3,114);
Insert into IMTB_ITEM (ITEM_TYPE_NO,SERIAL_NO,STATUS,VERSION,UPDATE_DT,ISSUE_NO,ITEM_NO) values (1,596,'I',0,to_timestamp('30/08/09 04:16:52.000000000 PM','DD/MM/RR HH12:MI:SS.FF AM'),3,115);
Insert into IMTB_ITEM (ITEM_TYPE_NO,SERIAL_NO,STATUS,VERSION,UPDATE_DT,ISSUE_NO,ITEM_NO) values (1,597,'I',0,to_timestamp('30/08/09 04:16:52.000000000 PM','DD/MM/RR HH12:MI:SS.FF AM'),3,116);
Insert into IMTB_ITEM (ITEM_TYPE_NO,SERIAL_NO,STATUS,VERSION,UPDATE_DT,ISSUE_NO,ITEM_NO) values (1,598,'I',0,to_timestamp('30/08/09 04:16:52.000000000 PM','DD/MM/RR HH12:MI:SS.FF AM'),3,117);
Insert into IMTB_ITEM (ITEM_TYPE_NO,SERIAL_NO,STATUS,VERSION,UPDATE_DT,ISSUE_NO,ITEM_NO) values (1,599,'I',0,to_timestamp('30/08/09 04:16:52.000000000 PM','DD/MM/RR HH12:MI:SS.FF AM'),3,118);
Insert into IMTB_ITEM (ITEM_TYPE_NO,SERIAL_NO,STATUS,VERSION,UPDATE_DT,ISSUE_NO,ITEM_NO) values (1,600,'I',0,to_timestamp('30/08/09 04:16:52.000000000 PM','DD/MM/RR HH12:MI:SS.FF AM'),3,119);
Insert into IMTB_ITEM (ITEM_TYPE_NO,SERIAL_NO,STATUS,VERSION,UPDATE_DT,ISSUE_NO,ITEM_NO) values (1,601,'I',0,to_timestamp('30/08/09 04:16:52.000000000 PM','DD/MM/RR HH12:MI:SS.FF AM'),3,120);
Insert into IMTB_ITEM (ITEM_TYPE_NO,SERIAL_NO,STATUS,VERSION,UPDATE_DT,ISSUE_NO,ITEM_NO) values (1,602,'I',0,to_timestamp('30/08/09 04:16:52.000000000 PM','DD/MM/RR HH12:MI:SS.FF AM'),3,121);
Insert into IMTB_ITEM (ITEM_TYPE_NO,SERIAL_NO,STATUS,VERSION,UPDATE_DT,ISSUE_NO,ITEM_NO) values (1,603,'I',0,to_timestamp('30/08/09 04:16:52.000000000 PM','DD/MM/RR HH12:MI:SS.FF AM'),3,122);
Insert into IMTB_ITEM (ITEM_TYPE_NO,SERIAL_NO,STATUS,VERSION,UPDATE_DT,ISSUE_NO,ITEM_NO) values (1,604,'I',0,to_timestamp('30/08/09 04:16:52.000000000 PM','DD/MM/RR HH12:MI:SS.FF AM'),3,123);
Insert into IMTB_ITEM (ITEM_TYPE_NO,SERIAL_NO,STATUS,VERSION,UPDATE_DT,ISSUE_NO,ITEM_NO) values (1,605,'I',0,to_timestamp('30/08/09 04:16:52.000000000 PM','DD/MM/RR HH12:MI:SS.FF AM'),3,124);
Insert into IMTB_ITEM (ITEM_TYPE_NO,SERIAL_NO,STATUS,VERSION,UPDATE_DT,ISSUE_NO,ITEM_NO) values (1,606,'I',0,to_timestamp('30/08/09 04:16:52.000000000 PM','DD/MM/RR HH12:MI:SS.FF AM'),3,125);
Insert into IMTB_ITEM (ITEM_TYPE_NO,SERIAL_NO,STATUS,VERSION,UPDATE_DT,ISSUE_NO,ITEM_NO) values (1,607,'I',0,to_timestamp('30/08/09 04:16:52.000000000 PM','DD/MM/RR HH12:MI:SS.FF AM'),3,126);
Insert into IMTB_ITEM (ITEM_TYPE_NO,SERIAL_NO,STATUS,VERSION,UPDATE_DT,ISSUE_NO,ITEM_NO) values (1,608,'I',0,to_timestamp('30/08/09 04:16:52.000000000 PM','DD/MM/RR HH12:MI:SS.FF AM'),3,127);
Insert into IMTB_ITEM (ITEM_TYPE_NO,SERIAL_NO,STATUS,VERSION,UPDATE_DT,ISSUE_NO,ITEM_NO) values (1,609,'I',0,to_timestamp('30/08/09 04:16:52.000000000 PM','DD/MM/RR HH12:MI:SS.FF AM'),3,128);
Insert into IMTB_ITEM (ITEM_TYPE_NO,SERIAL_NO,STATUS,VERSION,UPDATE_DT,ISSUE_NO,ITEM_NO) values (1,610,'I',0,to_timestamp('30/08/09 04:16:52.000000000 PM','DD/MM/RR HH12:MI:SS.FF AM'),3,129);
Insert into IMTB_ITEM (ITEM_TYPE_NO,SERIAL_NO,STATUS,VERSION,UPDATE_DT,ISSUE_NO,ITEM_NO) values (1,611,'I',0,to_timestamp('30/08/09 04:16:52.000000000 PM','DD/MM/RR HH12:MI:SS.FF AM'),3,130);
Insert into IMTB_ITEM (ITEM_TYPE_NO,SERIAL_NO,STATUS,VERSION,UPDATE_DT,ISSUE_NO,ITEM_NO) values (1,612,'I',0,to_timestamp('30/08/09 04:16:52.000000000 PM','DD/MM/RR HH12:MI:SS.FF AM'),3,131);
Insert into IMTB_ITEM (ITEM_TYPE_NO,SERIAL_NO,STATUS,VERSION,UPDATE_DT,ISSUE_NO,ITEM_NO) values (1,613,'I',0,to_timestamp('30/08/09 04:16:52.000000000 PM','DD/MM/RR HH12:MI:SS.FF AM'),3,132);
Insert into IMTB_ITEM (ITEM_TYPE_NO,SERIAL_NO,STATUS,VERSION,UPDATE_DT,ISSUE_NO,ITEM_NO) values (1,614,'I',0,to_timestamp('30/08/09 04:16:52.000000000 PM','DD/MM/RR HH12:MI:SS.FF AM'),3,133);
Insert into IMTB_ITEM (ITEM_TYPE_NO,SERIAL_NO,STATUS,VERSION,UPDATE_DT,ISSUE_NO,ITEM_NO) values (1,615,'I',0,to_timestamp('30/08/09 04:16:52.000000000 PM','DD/MM/RR HH12:MI:SS.FF AM'),3,134);
Insert into IMTB_ITEM (ITEM_TYPE_NO,SERIAL_NO,STATUS,VERSION,UPDATE_DT,ISSUE_NO,ITEM_NO) values (1,616,'I',0,to_timestamp('30/08/09 04:16:52.000000000 PM','DD/MM/RR HH12:MI:SS.FF AM'),3,135);
Insert into IMTB_ITEM (ITEM_TYPE_NO,SERIAL_NO,STATUS,VERSION,UPDATE_DT,ISSUE_NO,ITEM_NO) values (1,617,'I',0,to_timestamp('30/08/09 04:16:52.000000000 PM','DD/MM/RR HH12:MI:SS.FF AM'),3,136);
Insert into IMTB_ITEM (ITEM_TYPE_NO,SERIAL_NO,STATUS,VERSION,UPDATE_DT,ISSUE_NO,ITEM_NO) values (1,618,'I',0,to_timestamp('30/08/09 04:16:52.000000000 PM','DD/MM/RR HH12:MI:SS.FF AM'),3,137);
Insert into IMTB_ITEM (ITEM_TYPE_NO,SERIAL_NO,STATUS,VERSION,UPDATE_DT,ISSUE_NO,ITEM_NO) values (1,619,'I',0,to_timestamp('30/08/09 04:16:52.000000000 PM','DD/MM/RR HH12:MI:SS.FF AM'),3,138);
Insert into IMTB_ITEM (ITEM_TYPE_NO,SERIAL_NO,STATUS,VERSION,UPDATE_DT,ISSUE_NO,ITEM_NO) values (1,620,'I',0,to_timestamp('30/08/09 04:16:52.000000000 PM','DD/MM/RR HH12:MI:SS.FF AM'),3,139);
Insert into IMTB_ITEM (ITEM_TYPE_NO,SERIAL_NO,STATUS,VERSION,UPDATE_DT,ISSUE_NO,ITEM_NO) values (1,621,'I',0,to_timestamp('30/08/09 04:16:52.000000000 PM','DD/MM/RR HH12:MI:SS.FF AM'),3,140);
Insert into IMTB_ITEM (ITEM_TYPE_NO,SERIAL_NO,STATUS,VERSION,UPDATE_DT,ISSUE_NO,ITEM_NO) values (1,622,'I',0,to_timestamp('30/08/09 04:16:52.000000000 PM','DD/MM/RR HH12:MI:SS.FF AM'),3,141);
Insert into IMTB_ITEM (ITEM_TYPE_NO,SERIAL_NO,STATUS,VERSION,UPDATE_DT,ISSUE_NO,ITEM_NO) values (1,623,'I',0,to_timestamp('30/08/09 04:16:52.000000000 PM','DD/MM/RR HH12:MI:SS.FF AM'),3,142);
Insert into IMTB_ITEM (ITEM_TYPE_NO,SERIAL_NO,STATUS,VERSION,UPDATE_DT,ISSUE_NO,ITEM_NO) values (1,624,'I',0,to_timestamp('30/08/09 04:16:52.000000000 PM','DD/MM/RR HH12:MI:SS.FF AM'),3,143);
Insert into IMTB_ITEM (ITEM_TYPE_NO,SERIAL_NO,STATUS,VERSION,UPDATE_DT,ISSUE_NO,ITEM_NO) values (1,625,'I',0,to_timestamp('30/08/09 04:16:52.000000000 PM','DD/MM/RR HH12:MI:SS.FF AM'),3,144);
Insert into IMTB_ITEM (ITEM_TYPE_NO,SERIAL_NO,STATUS,VERSION,UPDATE_DT,ISSUE_NO,ITEM_NO) values (1,626,'I',0,to_timestamp('30/08/09 04:16:52.000000000 PM','DD/MM/RR HH12:MI:SS.FF AM'),3,145);
Insert into IMTB_ITEM (ITEM_TYPE_NO,SERIAL_NO,STATUS,VERSION,UPDATE_DT,ISSUE_NO,ITEM_NO) values (1,627,'I',0,to_timestamp('30/08/09 04:16:52.000000000 PM','DD/MM/RR HH12:MI:SS.FF AM'),3,146);
Insert into IMTB_ITEM (ITEM_TYPE_NO,SERIAL_NO,STATUS,VERSION,UPDATE_DT,ISSUE_NO,ITEM_NO) values (1,628,'I',0,to_timestamp('30/08/09 04:16:52.000000000 PM','DD/MM/RR HH12:MI:SS.FF AM'),3,147);
Insert into IMTB_ITEM (ITEM_TYPE_NO,SERIAL_NO,STATUS,VERSION,UPDATE_DT,ISSUE_NO,ITEM_NO) values (1,629,'I',0,to_timestamp('30/08/09 04:16:52.000000000 PM','DD/MM/RR HH12:MI:SS.FF AM'),3,148);
Insert into IMTB_ITEM (ITEM_TYPE_NO,SERIAL_NO,STATUS,VERSION,UPDATE_DT,ISSUE_NO,ITEM_NO) values (1,630,'I',0,to_timestamp('30/08/09 04:16:52.000000000 PM','DD/MM/RR HH12:MI:SS.FF AM'),3,149);
Insert into IMTB_ITEM (ITEM_TYPE_NO,SERIAL_NO,STATUS,VERSION,UPDATE_DT,ISSUE_NO,ITEM_NO) values (1,631,'I',0,to_timestamp('30/08/09 04:16:52.000000000 PM','DD/MM/RR HH12:MI:SS.FF AM'),3,150);
Insert into IMTB_ITEM (ITEM_TYPE_NO,SERIAL_NO,STATUS,VERSION,UPDATE_DT,ISSUE_NO,ITEM_NO) values (1,632,'I',0,to_timestamp('30/08/09 04:16:52.000000000 PM','DD/MM/RR HH12:MI:SS.FF AM'),3,151);
Insert into IMTB_ITEM (ITEM_TYPE_NO,SERIAL_NO,STATUS,VERSION,UPDATE_DT,ISSUE_NO,ITEM_NO) values (1,633,'I',0,to_timestamp('30/08/09 04:16:52.000000000 PM','DD/MM/RR HH12:MI:SS.FF AM'),3,152);
Insert into IMTB_ITEM (ITEM_TYPE_NO,SERIAL_NO,STATUS,VERSION,UPDATE_DT,ISSUE_NO,ITEM_NO) values (1,634,'I',0,to_timestamp('30/08/09 04:16:52.000000000 PM','DD/MM/RR HH12:MI:SS.FF AM'),3,153);
Insert into IMTB_ITEM (ITEM_TYPE_NO,SERIAL_NO,STATUS,VERSION,UPDATE_DT,ISSUE_NO,ITEM_NO) values (1,635,'I',0,to_timestamp('30/08/09 04:16:52.000000000 PM','DD/MM/RR HH12:MI:SS.FF AM'),3,154);
Insert into IMTB_ITEM (ITEM_TYPE_NO,SERIAL_NO,STATUS,VERSION,UPDATE_DT,ISSUE_NO,ITEM_NO) values (1,636,'I',0,to_timestamp('30/08/09 04:16:52.000000000 PM','DD/MM/RR HH12:MI:SS.FF AM'),3,155);
Insert into IMTB_ITEM (ITEM_TYPE_NO,SERIAL_NO,STATUS,VERSION,UPDATE_DT,ISSUE_NO,ITEM_NO) values (1,637,'I',0,to_timestamp('30/08/09 04:16:52.000000000 PM','DD/MM/RR HH12:MI:SS.FF AM'),3,156);
Insert into IMTB_ITEM (ITEM_TYPE_NO,SERIAL_NO,STATUS,VERSION,UPDATE_DT,ISSUE_NO,ITEM_NO) values (1,638,'I',0,to_timestamp('30/08/09 04:16:52.000000000 PM','DD/MM/RR HH12:MI:SS.FF AM'),3,157);
Insert into IMTB_ITEM (ITEM_TYPE_NO,SERIAL_NO,STATUS,VERSION,UPDATE_DT,ISSUE_NO,ITEM_NO) values (1,639,'I',0,to_timestamp('30/08/09 04:16:52.000000000 PM','DD/MM/RR HH12:MI:SS.FF AM'),3,158);
Insert into IMTB_ITEM (ITEM_TYPE_NO,SERIAL_NO,STATUS,VERSION,UPDATE_DT,ISSUE_NO,ITEM_NO) values (1,640,'I',0,to_timestamp('30/08/09 04:16:52.000000000 PM','DD/MM/RR HH12:MI:SS.FF AM'),3,159);
Insert into IMTB_ITEM (ITEM_TYPE_NO,SERIAL_NO,STATUS,VERSION,UPDATE_DT,ISSUE_NO,ITEM_NO) values (1,641,'I',0,to_timestamp('30/08/09 04:16:52.000000000 PM','DD/MM/RR HH12:MI:SS.FF AM'),3,160);
Insert into IMTB_ITEM (ITEM_TYPE_NO,SERIAL_NO,STATUS,VERSION,UPDATE_DT,ISSUE_NO,ITEM_NO) values (1,642,'I',0,to_timestamp('30/08/09 04:16:52.000000000 PM','DD/MM/RR HH12:MI:SS.FF AM'),3,161);
Insert into IMTB_ITEM (ITEM_TYPE_NO,SERIAL_NO,STATUS,VERSION,UPDATE_DT,ISSUE_NO,ITEM_NO) values (1,643,'I',0,to_timestamp('30/08/09 04:16:52.000000000 PM','DD/MM/RR HH12:MI:SS.FF AM'),3,162);
Insert into IMTB_ITEM (ITEM_TYPE_NO,SERIAL_NO,STATUS,VERSION,UPDATE_DT,ISSUE_NO,ITEM_NO) values (1,644,'I',0,to_timestamp('30/08/09 04:16:52.000000000 PM','DD/MM/RR HH12:MI:SS.FF AM'),3,163);
Insert into IMTB_ITEM (ITEM_TYPE_NO,SERIAL_NO,STATUS,VERSION,UPDATE_DT,ISSUE_NO,ITEM_NO) values (1,645,'I',0,to_timestamp('30/08/09 04:16:52.000000000 PM','DD/MM/RR HH12:MI:SS.FF AM'),3,164);
Insert into IMTB_ITEM (ITEM_TYPE_NO,SERIAL_NO,STATUS,VERSION,UPDATE_DT,ISSUE_NO,ITEM_NO) values (1,646,'I',0,to_timestamp('30/08/09 04:16:52.000000000 PM','DD/MM/RR HH12:MI:SS.FF AM'),3,165);
Insert into IMTB_ITEM (ITEM_TYPE_NO,SERIAL_NO,STATUS,VERSION,UPDATE_DT,ISSUE_NO,ITEM_NO) values (1,647,'I',0,to_timestamp('30/08/09 04:16:52.000000000 PM','DD/MM/RR HH12:MI:SS.FF AM'),3,166);
Insert into IMTB_ITEM (ITEM_TYPE_NO,SERIAL_NO,STATUS,VERSION,UPDATE_DT,ISSUE_NO,ITEM_NO) values (1,648,'I',0,to_timestamp('30/08/09 04:16:52.000000000 PM','DD/MM/RR HH12:MI:SS.FF AM'),3,167);
Insert into IMTB_ITEM (ITEM_TYPE_NO,SERIAL_NO,STATUS,VERSION,UPDATE_DT,ISSUE_NO,ITEM_NO) values (1,649,'I',0,to_timestamp('30/08/09 04:16:52.000000000 PM','DD/MM/RR HH12:MI:SS.FF AM'),3,168);
Insert into IMTB_ITEM (ITEM_TYPE_NO,SERIAL_NO,STATUS,VERSION,UPDATE_DT,ISSUE_NO,ITEM_NO) values (1,650,'I',0,to_timestamp('30/08/09 04:16:52.000000000 PM','DD/MM/RR HH12:MI:SS.FF AM'),3,169);
Insert into IMTB_ITEM (ITEM_TYPE_NO,SERIAL_NO,STATUS,VERSION,UPDATE_DT,ISSUE_NO,ITEM_NO) values (1,651,'I',0,to_timestamp('30/08/09 05:39:39.000000000 PM','DD/MM/RR HH12:MI:SS.FF AM'),4,270);
Insert into IMTB_ITEM (ITEM_TYPE_NO,SERIAL_NO,STATUS,VERSION,UPDATE_DT,ISSUE_NO,ITEM_NO) values (1,652,'I',0,to_timestamp('30/08/09 05:39:39.000000000 PM','DD/MM/RR HH12:MI:SS.FF AM'),4,271);
Insert into IMTB_ITEM (ITEM_TYPE_NO,SERIAL_NO,STATUS,VERSION,UPDATE_DT,ISSUE_NO,ITEM_NO) values (1,653,'I',0,to_timestamp('30/08/09 05:39:39.000000000 PM','DD/MM/RR HH12:MI:SS.FF AM'),4,272);
Insert into IMTB_ITEM (ITEM_TYPE_NO,SERIAL_NO,STATUS,VERSION,UPDATE_DT,ISSUE_NO,ITEM_NO) values (1,654,'I',0,to_timestamp('30/08/09 05:39:39.000000000 PM','DD/MM/RR HH12:MI:SS.FF AM'),4,273);
Insert into IMTB_ITEM (ITEM_TYPE_NO,SERIAL_NO,STATUS,VERSION,UPDATE_DT,ISSUE_NO,ITEM_NO) values (1,655,'I',0,to_timestamp('30/08/09 05:39:39.000000000 PM','DD/MM/RR HH12:MI:SS.FF AM'),4,274);
Insert into IMTB_ITEM (ITEM_TYPE_NO,SERIAL_NO,STATUS,VERSION,UPDATE_DT,ISSUE_NO,ITEM_NO) values (1,656,'I',0,to_timestamp('30/08/09 05:39:39.000000000 PM','DD/MM/RR HH12:MI:SS.FF AM'),4,275);
Insert into IMTB_ITEM (ITEM_TYPE_NO,SERIAL_NO,STATUS,VERSION,UPDATE_DT,ISSUE_NO,ITEM_NO) values (1,657,'I',0,to_timestamp('30/08/09 05:39:39.000000000 PM','DD/MM/RR HH12:MI:SS.FF AM'),4,276);
Insert into IMTB_ITEM (ITEM_TYPE_NO,SERIAL_NO,STATUS,VERSION,UPDATE_DT,ISSUE_NO,ITEM_NO) values (1,658,'I',0,to_timestamp('30/08/09 05:39:39.000000000 PM','DD/MM/RR HH12:MI:SS.FF AM'),4,277);
Insert into IMTB_ITEM (ITEM_TYPE_NO,SERIAL_NO,STATUS,VERSION,UPDATE_DT,ISSUE_NO,ITEM_NO) values (1,659,'I',0,to_timestamp('30/08/09 05:39:39.000000000 PM','DD/MM/RR HH12:MI:SS.FF AM'),4,278);
Insert into IMTB_ITEM (ITEM_TYPE_NO,SERIAL_NO,STATUS,VERSION,UPDATE_DT,ISSUE_NO,ITEM_NO) values (1,660,'I',0,to_timestamp('30/08/09 05:39:39.000000000 PM','DD/MM/RR HH12:MI:SS.FF AM'),4,279);
Insert into IMTB_ITEM (ITEM_TYPE_NO,SERIAL_NO,STATUS,VERSION,UPDATE_DT,ISSUE_NO,ITEM_NO) values (1,661,'I',0,to_timestamp('30/08/09 05:39:39.000000000 PM','DD/MM/RR HH12:MI:SS.FF AM'),4,280);
Insert into IMTB_ITEM (ITEM_TYPE_NO,SERIAL_NO,STATUS,VERSION,UPDATE_DT,ISSUE_NO,ITEM_NO) values (1,662,'I',0,to_timestamp('30/08/09 05:39:39.000000000 PM','DD/MM/RR HH12:MI:SS.FF AM'),4,281);
Insert into IMTB_ITEM (ITEM_TYPE_NO,SERIAL_NO,STATUS,VERSION,UPDATE_DT,ISSUE_NO,ITEM_NO) values (1,663,'I',0,to_timestamp('30/08/09 05:39:39.000000000 PM','DD/MM/RR HH12:MI:SS.FF AM'),4,282);
Insert into IMTB_ITEM (ITEM_TYPE_NO,SERIAL_NO,STATUS,VERSION,UPDATE_DT,ISSUE_NO,ITEM_NO) values (1,664,'I',0,to_timestamp('30/08/09 05:39:39.000000000 PM','DD/MM/RR HH12:MI:SS.FF AM'),4,283);
Insert into IMTB_ITEM (ITEM_TYPE_NO,SERIAL_NO,STATUS,VERSION,UPDATE_DT,ISSUE_NO,ITEM_NO) values (1,665,'I',0,to_timestamp('30/08/09 05:39:39.000000000 PM','DD/MM/RR HH12:MI:SS.FF AM'),4,284);
Insert into IMTB_ITEM (ITEM_TYPE_NO,SERIAL_NO,STATUS,VERSION,UPDATE_DT,ISSUE_NO,ITEM_NO) values (1,666,'I',0,to_timestamp('30/08/09 05:39:39.000000000 PM','DD/MM/RR HH12:MI:SS.FF AM'),4,285);
Insert into IMTB_ITEM (ITEM_TYPE_NO,SERIAL_NO,STATUS,VERSION,UPDATE_DT,ISSUE_NO,ITEM_NO) values (1,667,'I',0,to_timestamp('30/08/09 05:39:39.000000000 PM','DD/MM/RR HH12:MI:SS.FF AM'),4,286);
Insert into IMTB_ITEM (ITEM_TYPE_NO,SERIAL_NO,STATUS,VERSION,UPDATE_DT,ISSUE_NO,ITEM_NO) values (1,668,'I',0,to_timestamp('30/08/09 05:39:39.000000000 PM','DD/MM/RR HH12:MI:SS.FF AM'),4,287);
Insert into IMTB_ITEM (ITEM_TYPE_NO,SERIAL_NO,STATUS,VERSION,UPDATE_DT,ISSUE_NO,ITEM_NO) values (1,669,'I',0,to_timestamp('30/08/09 05:39:39.000000000 PM','DD/MM/RR HH12:MI:SS.FF AM'),4,288);
Insert into IMTB_ITEM (ITEM_TYPE_NO,SERIAL_NO,STATUS,VERSION,UPDATE_DT,ISSUE_NO,ITEM_NO) values (1,670,'I',0,to_timestamp('30/08/09 05:39:39.000000000 PM','DD/MM/RR HH12:MI:SS.FF AM'),4,289);
Insert into IMTB_ITEM (ITEM_TYPE_NO,SERIAL_NO,STATUS,VERSION,UPDATE_DT,ISSUE_NO,ITEM_NO) values (1,671,'I',0,to_timestamp('30/08/09 05:39:39.000000000 PM','DD/MM/RR HH12:MI:SS.FF AM'),4,290);
Insert into IMTB_ITEM (ITEM_TYPE_NO,SERIAL_NO,STATUS,VERSION,UPDATE_DT,ISSUE_NO,ITEM_NO) values (1,672,'I',0,to_timestamp('30/08/09 05:39:39.000000000 PM','DD/MM/RR HH12:MI:SS.FF AM'),4,291);
Insert into IMTB_ITEM (ITEM_TYPE_NO,SERIAL_NO,STATUS,VERSION,UPDATE_DT,ISSUE_NO,ITEM_NO) values (1,673,'I',0,to_timestamp('30/08/09 05:39:39.000000000 PM','DD/MM/RR HH12:MI:SS.FF AM'),4,292);
Insert into IMTB_ITEM (ITEM_TYPE_NO,SERIAL_NO,STATUS,VERSION,UPDATE_DT,ISSUE_NO,ITEM_NO) values (1,674,'I',0,to_timestamp('30/08/09 05:39:39.000000000 PM','DD/MM/RR HH12:MI:SS.FF AM'),4,293);
Insert into IMTB_ITEM (ITEM_TYPE_NO,SERIAL_NO,STATUS,VERSION,UPDATE_DT,ISSUE_NO,ITEM_NO) values (1,675,'I',0,to_timestamp('30/08/09 05:39:39.000000000 PM','DD/MM/RR HH12:MI:SS.FF AM'),4,294);
Insert into IMTB_ITEM (ITEM_TYPE_NO,SERIAL_NO,STATUS,VERSION,UPDATE_DT,ISSUE_NO,ITEM_NO) values (1,676,'I',0,to_timestamp('30/08/09 05:39:39.000000000 PM','DD/MM/RR HH12:MI:SS.FF AM'),4,295);
Insert into IMTB_ITEM (ITEM_TYPE_NO,SERIAL_NO,STATUS,VERSION,UPDATE_DT,ISSUE_NO,ITEM_NO) values (1,677,'I',0,to_timestamp('30/08/09 05:39:39.000000000 PM','DD/MM/RR HH12:MI:SS.FF AM'),4,296);
Insert into IMTB_ITEM (ITEM_TYPE_NO,SERIAL_NO,STATUS,VERSION,UPDATE_DT,ISSUE_NO,ITEM_NO) values (1,678,'I',0,to_timestamp('30/08/09 05:39:39.000000000 PM','DD/MM/RR HH12:MI:SS.FF AM'),4,297);
Insert into IMTB_ITEM (ITEM_TYPE_NO,SERIAL_NO,STATUS,VERSION,UPDATE_DT,ISSUE_NO,ITEM_NO) values (1,679,'I',0,to_timestamp('30/08/09 05:39:39.000000000 PM','DD/MM/RR HH12:MI:SS.FF AM'),4,298);
Insert into IMTB_ITEM (ITEM_TYPE_NO,SERIAL_NO,STATUS,VERSION,UPDATE_DT,ISSUE_NO,ITEM_NO) values (1,680,'I',0,to_timestamp('30/08/09 05:39:39.000000000 PM','DD/MM/RR HH12:MI:SS.FF AM'),4,299);
Insert into IMTB_ITEM (ITEM_TYPE_NO,SERIAL_NO,STATUS,VERSION,UPDATE_DT,ISSUE_NO,ITEM_NO) values (1,681,'I',0,to_timestamp('30/08/09 05:39:39.000000000 PM','DD/MM/RR HH12:MI:SS.FF AM'),4,300);
Insert into IMTB_ITEM (ITEM_TYPE_NO,SERIAL_NO,STATUS,VERSION,UPDATE_DT,ISSUE_NO,ITEM_NO) values (1,682,'I',0,to_timestamp('30/08/09 05:39:39.000000000 PM','DD/MM/RR HH12:MI:SS.FF AM'),4,301);
Insert into IMTB_ITEM (ITEM_TYPE_NO,SERIAL_NO,STATUS,VERSION,UPDATE_DT,ISSUE_NO,ITEM_NO) values (1,683,'I',0,to_timestamp('30/08/09 05:39:39.000000000 PM','DD/MM/RR HH12:MI:SS.FF AM'),4,302);
Insert into IMTB_ITEM (ITEM_TYPE_NO,SERIAL_NO,STATUS,VERSION,UPDATE_DT,ISSUE_NO,ITEM_NO) values (1,684,'I',0,to_timestamp('30/08/09 05:39:39.000000000 PM','DD/MM/RR HH12:MI:SS.FF AM'),4,303);
Insert into IMTB_ITEM (ITEM_TYPE_NO,SERIAL_NO,STATUS,VERSION,UPDATE_DT,ISSUE_NO,ITEM_NO) values (1,685,'I',0,to_timestamp('30/08/09 05:39:39.000000000 PM','DD/MM/RR HH12:MI:SS.FF AM'),4,304);
Insert into IMTB_ITEM (ITEM_TYPE_NO,SERIAL_NO,STATUS,VERSION,UPDATE_DT,ISSUE_NO,ITEM_NO) values (1,686,'I',0,to_timestamp('30/08/09 05:39:39.000000000 PM','DD/MM/RR HH12:MI:SS.FF AM'),4,305);
Insert into IMTB_ITEM (ITEM_TYPE_NO,SERIAL_NO,STATUS,VERSION,UPDATE_DT,ISSUE_NO,ITEM_NO) values (1,687,'I',0,to_timestamp('30/08/09 05:39:39.000000000 PM','DD/MM/RR HH12:MI:SS.FF AM'),4,306);
Insert into IMTB_ITEM (ITEM_TYPE_NO,SERIAL_NO,STATUS,VERSION,UPDATE_DT,ISSUE_NO,ITEM_NO) values (1,688,'I',0,to_timestamp('30/08/09 05:39:39.000000000 PM','DD/MM/RR HH12:MI:SS.FF AM'),4,307);
Insert into IMTB_ITEM (ITEM_TYPE_NO,SERIAL_NO,STATUS,VERSION,UPDATE_DT,ISSUE_NO,ITEM_NO) values (1,689,'I',0,to_timestamp('30/08/09 05:39:39.000000000 PM','DD/MM/RR HH12:MI:SS.FF AM'),4,308);
Insert into IMTB_ITEM (ITEM_TYPE_NO,SERIAL_NO,STATUS,VERSION,UPDATE_DT,ISSUE_NO,ITEM_NO) values (1,690,'I',0,to_timestamp('30/08/09 05:39:39.000000000 PM','DD/MM/RR HH12:MI:SS.FF AM'),4,309);
Insert into IMTB_ITEM (ITEM_TYPE_NO,SERIAL_NO,STATUS,VERSION,UPDATE_DT,ISSUE_NO,ITEM_NO) values (1,691,'I',0,to_timestamp('30/08/09 05:39:39.000000000 PM','DD/MM/RR HH12:MI:SS.FF AM'),4,310);
Insert into IMTB_ITEM (ITEM_TYPE_NO,SERIAL_NO,STATUS,VERSION,UPDATE_DT,ISSUE_NO,ITEM_NO) values (1,692,'I',0,to_timestamp('30/08/09 05:39:39.000000000 PM','DD/MM/RR HH12:MI:SS.FF AM'),4,311);
Insert into IMTB_ITEM (ITEM_TYPE_NO,SERIAL_NO,STATUS,VERSION,UPDATE_DT,ISSUE_NO,ITEM_NO) values (1,693,'I',0,to_timestamp('30/08/09 05:39:39.000000000 PM','DD/MM/RR HH12:MI:SS.FF AM'),4,312);
Insert into IMTB_ITEM (ITEM_TYPE_NO,SERIAL_NO,STATUS,VERSION,UPDATE_DT,ISSUE_NO,ITEM_NO) values (1,694,'I',0,to_timestamp('30/08/09 05:39:39.000000000 PM','DD/MM/RR HH12:MI:SS.FF AM'),4,313);
Insert into IMTB_ITEM (ITEM_TYPE_NO,SERIAL_NO,STATUS,VERSION,UPDATE_DT,ISSUE_NO,ITEM_NO) values (1,695,'I',0,to_timestamp('30/08/09 05:39:39.000000000 PM','DD/MM/RR HH12:MI:SS.FF AM'),4,314);
Insert into IMTB_ITEM (ITEM_TYPE_NO,SERIAL_NO,STATUS,VERSION,UPDATE_DT,ISSUE_NO,ITEM_NO) values (1,696,'I',0,to_timestamp('30/08/09 05:39:39.000000000 PM','DD/MM/RR HH12:MI:SS.FF AM'),4,315);
Insert into IMTB_ITEM (ITEM_TYPE_NO,SERIAL_NO,STATUS,VERSION,UPDATE_DT,ISSUE_NO,ITEM_NO) values (1,697,'I',0,to_timestamp('30/08/09 05:39:39.000000000 PM','DD/MM/RR HH12:MI:SS.FF AM'),4,316);
Insert into IMTB_ITEM (ITEM_TYPE_NO,SERIAL_NO,STATUS,VERSION,UPDATE_DT,ISSUE_NO,ITEM_NO) values (1,698,'I',0,to_timestamp('30/08/09 05:39:39.000000000 PM','DD/MM/RR HH12:MI:SS.FF AM'),4,317);
Insert into IMTB_ITEM (ITEM_TYPE_NO,SERIAL_NO,STATUS,VERSION,UPDATE_DT,ISSUE_NO,ITEM_NO) values (1,699,'I',0,to_timestamp('30/08/09 05:39:39.000000000 PM','DD/MM/RR HH12:MI:SS.FF AM'),4,318);
Insert into IMTB_ITEM (ITEM_TYPE_NO,SERIAL_NO,STATUS,VERSION,UPDATE_DT,ISSUE_NO,ITEM_NO) values (1,700,'I',0,to_timestamp('30/08/09 05:39:39.000000000 PM','DD/MM/RR HH12:MI:SS.FF AM'),4,319);
Insert into IMTB_ITEM (ITEM_TYPE_NO,SERIAL_NO,STATUS,VERSION,UPDATE_DT,ISSUE_NO,ITEM_NO) values (1,716,'R',0,to_timestamp('30/08/09 06:09:07.000000000 PM','DD/MM/RR HH12:MI:SS.FF AM'),14,335);
Insert into IMTB_ITEM (ITEM_TYPE_NO,SERIAL_NO,STATUS,VERSION,UPDATE_DT,ISSUE_NO,ITEM_NO) values (1,717,'R',0,to_timestamp('30/08/09 06:09:07.000000000 PM','DD/MM/RR HH12:MI:SS.FF AM'),14,336);
Insert into IMTB_ITEM (ITEM_TYPE_NO,SERIAL_NO,STATUS,VERSION,UPDATE_DT,ISSUE_NO,ITEM_NO) values (1,718,'R',0,to_timestamp('30/08/09 06:09:07.000000000 PM','DD/MM/RR HH12:MI:SS.FF AM'),14,337);
Insert into IMTB_ITEM (ITEM_TYPE_NO,SERIAL_NO,STATUS,VERSION,UPDATE_DT,ISSUE_NO,ITEM_NO) values (1,719,'R',0,to_timestamp('30/08/09 06:09:07.000000000 PM','DD/MM/RR HH12:MI:SS.FF AM'),14,338);
Insert into IMTB_ITEM (ITEM_TYPE_NO,SERIAL_NO,STATUS,VERSION,UPDATE_DT,ISSUE_NO,ITEM_NO) values (1,720,'I',0,to_timestamp('30/08/09 06:09:07.000000000 PM','DD/MM/RR HH12:MI:SS.FF AM'),14,339);
Insert into IMTB_ITEM (ITEM_TYPE_NO,SERIAL_NO,STATUS,VERSION,UPDATE_DT,ISSUE_NO,ITEM_NO) values (1,721,'I',0,to_timestamp('30/08/09 06:09:07.000000000 PM','DD/MM/RR HH12:MI:SS.FF AM'),14,340);
Insert into IMTB_ITEM (ITEM_TYPE_NO,SERIAL_NO,STATUS,VERSION,UPDATE_DT,ISSUE_NO,ITEM_NO) values (1,722,'I',0,to_timestamp('30/08/09 06:09:07.000000000 PM','DD/MM/RR HH12:MI:SS.FF AM'),14,341);
Insert into IMTB_ITEM (ITEM_TYPE_NO,SERIAL_NO,STATUS,VERSION,UPDATE_DT,ISSUE_NO,ITEM_NO) values (1,723,'I',0,to_timestamp('30/08/09 06:09:07.000000000 PM','DD/MM/RR HH12:MI:SS.FF AM'),14,342);
Insert into IMTB_ITEM (ITEM_TYPE_NO,SERIAL_NO,STATUS,VERSION,UPDATE_DT,ISSUE_NO,ITEM_NO) values (1,724,'I',0,to_timestamp('30/08/09 06:09:07.000000000 PM','DD/MM/RR HH12:MI:SS.FF AM'),14,343);
Insert into IMTB_ITEM (ITEM_TYPE_NO,SERIAL_NO,STATUS,VERSION,UPDATE_DT,ISSUE_NO,ITEM_NO) values (1,725,'I',0,to_timestamp('30/08/09 06:09:07.000000000 PM','DD/MM/RR HH12:MI:SS.FF AM'),14,344);
Insert into IMTB_ITEM (ITEM_TYPE_NO,SERIAL_NO,STATUS,VERSION,UPDATE_DT,ISSUE_NO,ITEM_NO) values (1,726,'I',0,to_timestamp('30/08/09 06:09:07.000000000 PM','DD/MM/RR HH12:MI:SS.FF AM'),14,345);
Insert into IMTB_ITEM (ITEM_TYPE_NO,SERIAL_NO,STATUS,VERSION,UPDATE_DT,ISSUE_NO,ITEM_NO) values (1,727,'I',0,to_timestamp('30/08/09 06:09:07.000000000 PM','DD/MM/RR HH12:MI:SS.FF AM'),14,346);
Insert into IMTB_ITEM (ITEM_TYPE_NO,SERIAL_NO,STATUS,VERSION,UPDATE_DT,ISSUE_NO,ITEM_NO) values (1,728,'R',0,to_timestamp('30/08/09 06:09:07.000000000 PM','DD/MM/RR HH12:MI:SS.FF AM'),14,347);
Insert into IMTB_ITEM (ITEM_TYPE_NO,SERIAL_NO,STATUS,VERSION,UPDATE_DT,ISSUE_NO,ITEM_NO) values (1,729,'I',0,to_timestamp('30/08/09 06:09:07.000000000 PM','DD/MM/RR HH12:MI:SS.FF AM'),14,348);
Insert into IMTB_ITEM (ITEM_TYPE_NO,SERIAL_NO,STATUS,VERSION,UPDATE_DT,ISSUE_NO,ITEM_NO) values (1,730,'I',0,to_timestamp('30/08/09 06:09:07.000000000 PM','DD/MM/RR HH12:MI:SS.FF AM'),14,349);
Insert into IMTB_ITEM (ITEM_TYPE_NO,SERIAL_NO,STATUS,VERSION,UPDATE_DT,ISSUE_NO,ITEM_NO) values (1,731,'I',0,to_timestamp('30/08/09 06:09:07.000000000 PM','DD/MM/RR HH12:MI:SS.FF AM'),14,350);
Insert into IMTB_ITEM (ITEM_TYPE_NO,SERIAL_NO,STATUS,VERSION,UPDATE_DT,ISSUE_NO,ITEM_NO) values (1,732,'I',0,to_timestamp('30/08/09 06:09:07.000000000 PM','DD/MM/RR HH12:MI:SS.FF AM'),14,351);
Insert into IMTB_ITEM (ITEM_TYPE_NO,SERIAL_NO,STATUS,VERSION,UPDATE_DT,ISSUE_NO,ITEM_NO) values (1,733,'I',0,to_timestamp('30/08/09 06:09:07.000000000 PM','DD/MM/RR HH12:MI:SS.FF AM'),14,352);
Insert into IMTB_ITEM (ITEM_TYPE_NO,SERIAL_NO,STATUS,VERSION,UPDATE_DT,ISSUE_NO,ITEM_NO) values (1,734,'I',0,to_timestamp('30/08/09 06:09:07.000000000 PM','DD/MM/RR HH12:MI:SS.FF AM'),14,353);
Insert into IMTB_ITEM (ITEM_TYPE_NO,SERIAL_NO,STATUS,VERSION,UPDATE_DT,ISSUE_NO,ITEM_NO) values (1,735,'R',0,to_timestamp('30/08/09 06:09:07.000000000 PM','DD/MM/RR HH12:MI:SS.FF AM'),14,354);
Insert into IMTB_ITEM (ITEM_TYPE_NO,SERIAL_NO,STATUS,VERSION,UPDATE_DT,ISSUE_NO,ITEM_NO) values (1,736,'I',0,to_timestamp('30/08/09 06:09:07.000000000 PM','DD/MM/RR HH12:MI:SS.FF AM'),14,355);
Insert into IMTB_ITEM (ITEM_TYPE_NO,SERIAL_NO,STATUS,VERSION,UPDATE_DT,ISSUE_NO,ITEM_NO) values (1,737,'I',0,to_timestamp('30/08/09 06:09:07.000000000 PM','DD/MM/RR HH12:MI:SS.FF AM'),14,356);
Insert into IMTB_ITEM (ITEM_TYPE_NO,SERIAL_NO,STATUS,VERSION,UPDATE_DT,ISSUE_NO,ITEM_NO) values (1,738,'I',0,to_timestamp('30/08/09 06:09:07.000000000 PM','DD/MM/RR HH12:MI:SS.FF AM'),14,357);
Insert into IMTB_ITEM (ITEM_TYPE_NO,SERIAL_NO,STATUS,VERSION,UPDATE_DT,ISSUE_NO,ITEM_NO) values (1,739,'I',0,to_timestamp('30/08/09 06:09:07.000000000 PM','DD/MM/RR HH12:MI:SS.FF AM'),14,358);
Insert into IMTB_ITEM (ITEM_TYPE_NO,SERIAL_NO,STATUS,VERSION,UPDATE_DT,ISSUE_NO,ITEM_NO) values (1,740,'I',0,to_timestamp('30/08/09 06:09:07.000000000 PM','DD/MM/RR HH12:MI:SS.FF AM'),14,359);
Insert into IMTB_ITEM (ITEM_TYPE_NO,SERIAL_NO,STATUS,VERSION,UPDATE_DT,ISSUE_NO,ITEM_NO) values (1,741,'I',0,to_timestamp('30/08/09 06:09:07.000000000 PM','DD/MM/RR HH12:MI:SS.FF AM'),14,360);
Insert into IMTB_ITEM (ITEM_TYPE_NO,SERIAL_NO,STATUS,VERSION,UPDATE_DT,ISSUE_NO,ITEM_NO) values (1,742,'I',0,to_timestamp('30/08/09 06:09:07.000000000 PM','DD/MM/RR HH12:MI:SS.FF AM'),14,361);
Insert into IMTB_ITEM (ITEM_TYPE_NO,SERIAL_NO,STATUS,VERSION,UPDATE_DT,ISSUE_NO,ITEM_NO) values (1,743,'I',0,to_timestamp('30/08/09 06:09:07.000000000 PM','DD/MM/RR HH12:MI:SS.FF AM'),14,362);
Insert into IMTB_ITEM (ITEM_TYPE_NO,SERIAL_NO,STATUS,VERSION,UPDATE_DT,ISSUE_NO,ITEM_NO) values (1,744,'I',0,to_timestamp('30/08/09 06:09:07.000000000 PM','DD/MM/RR HH12:MI:SS.FF AM'),14,363);
Insert into IMTB_ITEM (ITEM_TYPE_NO,SERIAL_NO,STATUS,VERSION,UPDATE_DT,ISSUE_NO,ITEM_NO) values (1,745,'I',0,to_timestamp('30/08/09 06:09:07.000000000 PM','DD/MM/RR HH12:MI:SS.FF AM'),14,364);
Insert into IMTB_ITEM (ITEM_TYPE_NO,SERIAL_NO,STATUS,VERSION,UPDATE_DT,ISSUE_NO,ITEM_NO) values (1,746,'R',0,to_timestamp('30/08/09 06:09:07.000000000 PM','DD/MM/RR HH12:MI:SS.FF AM'),14,365);
Insert into IMTB_ITEM (ITEM_TYPE_NO,SERIAL_NO,STATUS,VERSION,UPDATE_DT,ISSUE_NO,ITEM_NO) values (1,747,'I',0,to_timestamp('30/08/09 06:09:07.000000000 PM','DD/MM/RR HH12:MI:SS.FF AM'),14,366);
Insert into IMTB_ITEM (ITEM_TYPE_NO,SERIAL_NO,STATUS,VERSION,UPDATE_DT,ISSUE_NO,ITEM_NO) values (1,748,'I',0,to_timestamp('30/08/09 06:09:07.000000000 PM','DD/MM/RR HH12:MI:SS.FF AM'),14,367);
Insert into IMTB_ITEM (ITEM_TYPE_NO,SERIAL_NO,STATUS,VERSION,UPDATE_DT,ISSUE_NO,ITEM_NO) values (1,749,'I',0,to_timestamp('30/08/09 06:09:07.000000000 PM','DD/MM/RR HH12:MI:SS.FF AM'),14,368);
Insert into IMTB_ITEM (ITEM_TYPE_NO,SERIAL_NO,STATUS,VERSION,UPDATE_DT,ISSUE_NO,ITEM_NO) values (1,750,'I',0,to_timestamp('30/08/09 06:09:07.000000000 PM','DD/MM/RR HH12:MI:SS.FF AM'),14,369);
Insert into IMTB_ITEM (ITEM_TYPE_NO,SERIAL_NO,STATUS,VERSION,UPDATE_DT,ISSUE_NO,ITEM_NO) values (1,751,'I',0,to_timestamp('30/08/09 06:09:07.000000000 PM','DD/MM/RR HH12:MI:SS.FF AM'),14,370);
Insert into IMTB_ITEM (ITEM_TYPE_NO,SERIAL_NO,STATUS,VERSION,UPDATE_DT,ISSUE_NO,ITEM_NO) values (1,752,'I',0,to_timestamp('30/08/09 06:09:07.000000000 PM','DD/MM/RR HH12:MI:SS.FF AM'),14,371);
Insert into IMTB_ITEM (ITEM_TYPE_NO,SERIAL_NO,STATUS,VERSION,UPDATE_DT,ISSUE_NO,ITEM_NO) values (1,753,'I',0,to_timestamp('30/08/09 06:09:07.000000000 PM','DD/MM/RR HH12:MI:SS.FF AM'),14,372);
Insert into IMTB_ITEM (ITEM_TYPE_NO,SERIAL_NO,STATUS,VERSION,UPDATE_DT,ISSUE_NO,ITEM_NO) values (1,754,'R',0,to_timestamp('30/08/09 06:09:07.000000000 PM','DD/MM/RR HH12:MI:SS.FF AM'),14,373);
Insert into IMTB_ITEM (ITEM_TYPE_NO,SERIAL_NO,STATUS,VERSION,UPDATE_DT,ISSUE_NO,ITEM_NO) values (1,755,'R',0,to_timestamp('30/08/09 06:09:07.000000000 PM','DD/MM/RR HH12:MI:SS.FF AM'),14,374);
Insert into IMTB_ITEM (ITEM_TYPE_NO,SERIAL_NO,STATUS,VERSION,UPDATE_DT,ISSUE_NO,ITEM_NO) values (1,756,'I',0,to_timestamp('30/08/09 06:09:07.000000000 PM','DD/MM/RR HH12:MI:SS.FF AM'),14,375);
Insert into IMTB_ITEM (ITEM_TYPE_NO,SERIAL_NO,STATUS,VERSION,UPDATE_DT,ISSUE_NO,ITEM_NO) values (1,757,'I',0,to_timestamp('30/08/09 06:09:07.000000000 PM','DD/MM/RR HH12:MI:SS.FF AM'),14,376);
Insert into IMTB_ITEM (ITEM_TYPE_NO,SERIAL_NO,STATUS,VERSION,UPDATE_DT,ISSUE_NO,ITEM_NO) values (1,758,'I',0,to_timestamp('30/08/09 06:09:07.000000000 PM','DD/MM/RR HH12:MI:SS.FF AM'),14,377);
Insert into IMTB_ITEM (ITEM_TYPE_NO,SERIAL_NO,STATUS,VERSION,UPDATE_DT,ISSUE_NO,ITEM_NO) values (1,759,'I',0,to_timestamp('30/08/09 06:09:07.000000000 PM','DD/MM/RR HH12:MI:SS.FF AM'),14,378);
Insert into IMTB_ITEM (ITEM_TYPE_NO,SERIAL_NO,STATUS,VERSION,UPDATE_DT,ISSUE_NO,ITEM_NO) values (1,760,'I',0,to_timestamp('30/08/09 06:09:07.000000000 PM','DD/MM/RR HH12:MI:SS.FF AM'),14,379);
Insert into IMTB_ITEM (ITEM_TYPE_NO,SERIAL_NO,STATUS,VERSION,UPDATE_DT,ISSUE_NO,ITEM_NO) values (1,761,'I',0,to_timestamp('30/08/09 06:09:07.000000000 PM','DD/MM/RR HH12:MI:SS.FF AM'),14,380);
Insert into IMTB_ITEM (ITEM_TYPE_NO,SERIAL_NO,STATUS,VERSION,UPDATE_DT,ISSUE_NO,ITEM_NO) values (1,762,'I',0,to_timestamp('30/08/09 06:09:07.000000000 PM','DD/MM/RR HH12:MI:SS.FF AM'),14,381);
Insert into IMTB_ITEM (ITEM_TYPE_NO,SERIAL_NO,STATUS,VERSION,UPDATE_DT,ISSUE_NO,ITEM_NO) values (1,763,'I',0,to_timestamp('30/08/09 06:09:07.000000000 PM','DD/MM/RR HH12:MI:SS.FF AM'),14,382);
Insert into IMTB_ITEM (ITEM_TYPE_NO,SERIAL_NO,STATUS,VERSION,UPDATE_DT,ISSUE_NO,ITEM_NO) values (1,764,'R',0,to_timestamp('30/08/09 06:09:07.000000000 PM','DD/MM/RR HH12:MI:SS.FF AM'),14,383);
Insert into IMTB_ITEM (ITEM_TYPE_NO,SERIAL_NO,STATUS,VERSION,UPDATE_DT,ISSUE_NO,ITEM_NO) values (1,765,'I',0,to_timestamp('30/08/09 06:09:07.000000000 PM','DD/MM/RR HH12:MI:SS.FF AM'),14,384);
Insert into IMTB_ITEM (ITEM_TYPE_NO,SERIAL_NO,STATUS,VERSION,UPDATE_DT,ISSUE_NO,ITEM_NO) values (1,766,'I',0,to_timestamp('30/08/09 06:09:07.000000000 PM','DD/MM/RR HH12:MI:SS.FF AM'),14,385);
Insert into IMTB_ITEM (ITEM_TYPE_NO,SERIAL_NO,STATUS,VERSION,UPDATE_DT,ISSUE_NO,ITEM_NO) values (1,767,'I',0,to_timestamp('30/08/09 06:09:07.000000000 PM','DD/MM/RR HH12:MI:SS.FF AM'),14,386);
Insert into IMTB_ITEM (ITEM_TYPE_NO,SERIAL_NO,STATUS,VERSION,UPDATE_DT,ISSUE_NO,ITEM_NO) values (1,768,'I',0,to_timestamp('30/08/09 06:09:07.000000000 PM','DD/MM/RR HH12:MI:SS.FF AM'),14,387);
Insert into IMTB_ITEM (ITEM_TYPE_NO,SERIAL_NO,STATUS,VERSION,UPDATE_DT,ISSUE_NO,ITEM_NO) values (1,769,'I',0,to_timestamp('30/08/09 06:09:07.000000000 PM','DD/MM/RR HH12:MI:SS.FF AM'),14,388);
Insert into IMTB_ITEM (ITEM_TYPE_NO,SERIAL_NO,STATUS,VERSION,UPDATE_DT,ISSUE_NO,ITEM_NO) values (1,770,'R',0,to_timestamp('30/08/09 06:09:07.000000000 PM','DD/MM/RR HH12:MI:SS.FF AM'),14,389);
Insert into IMTB_ITEM (ITEM_TYPE_NO,SERIAL_NO,STATUS,VERSION,UPDATE_DT,ISSUE_NO,ITEM_NO) values (1,771,'I',0,to_timestamp('30/08/09 06:09:07.000000000 PM','DD/MM/RR HH12:MI:SS.FF AM'),14,390);
Insert into IMTB_ITEM (ITEM_TYPE_NO,SERIAL_NO,STATUS,VERSION,UPDATE_DT,ISSUE_NO,ITEM_NO) values (1,772,'I',0,to_timestamp('30/08/09 06:09:07.000000000 PM','DD/MM/RR HH12:MI:SS.FF AM'),14,391);
Insert into IMTB_ITEM (ITEM_TYPE_NO,SERIAL_NO,STATUS,VERSION,UPDATE_DT,ISSUE_NO,ITEM_NO) values (1,773,'I',0,to_timestamp('30/08/09 06:09:07.000000000 PM','DD/MM/RR HH12:MI:SS.FF AM'),14,392);
Insert into IMTB_ITEM (ITEM_TYPE_NO,SERIAL_NO,STATUS,VERSION,UPDATE_DT,ISSUE_NO,ITEM_NO) values (1,774,'I',0,to_timestamp('30/08/09 06:09:07.000000000 PM','DD/MM/RR HH12:MI:SS.FF AM'),14,393);
Insert into IMTB_ITEM (ITEM_TYPE_NO,SERIAL_NO,STATUS,VERSION,UPDATE_DT,ISSUE_NO,ITEM_NO) values (1,775,'I',0,to_timestamp('30/08/09 06:09:07.000000000 PM','DD/MM/RR HH12:MI:SS.FF AM'),14,394);
Insert into IMTB_ITEM (ITEM_TYPE_NO,SERIAL_NO,STATUS,VERSION,UPDATE_DT,ISSUE_NO,ITEM_NO) values (1,776,'I',0,to_timestamp('30/08/09 06:09:07.000000000 PM','DD/MM/RR HH12:MI:SS.FF AM'),14,395);
Insert into IMTB_ITEM (ITEM_TYPE_NO,SERIAL_NO,STATUS,VERSION,UPDATE_DT,ISSUE_NO,ITEM_NO) values (1,777,'I',0,to_timestamp('30/08/09 06:09:07.000000000 PM','DD/MM/RR HH12:MI:SS.FF AM'),14,396);
Insert into IMTB_ITEM (ITEM_TYPE_NO,SERIAL_NO,STATUS,VERSION,UPDATE_DT,ISSUE_NO,ITEM_NO) values (1,778,'I',0,to_timestamp('30/08/09 06:09:07.000000000 PM','DD/MM/RR HH12:MI:SS.FF AM'),14,397);
Insert into IMTB_ITEM (ITEM_TYPE_NO,SERIAL_NO,STATUS,VERSION,UPDATE_DT,ISSUE_NO,ITEM_NO) values (1,779,'I',0,to_timestamp('30/08/09 06:09:07.000000000 PM','DD/MM/RR HH12:MI:SS.FF AM'),14,398);
Insert into IMTB_ITEM (ITEM_TYPE_NO,SERIAL_NO,STATUS,VERSION,UPDATE_DT,ISSUE_NO,ITEM_NO) values (1,780,'I',0,to_timestamp('30/08/09 06:09:07.000000000 PM','DD/MM/RR HH12:MI:SS.FF AM'),14,399);
Insert into IMTB_ITEM (ITEM_TYPE_NO,SERIAL_NO,STATUS,VERSION,UPDATE_DT,ISSUE_NO,ITEM_NO) values (1,781,'I',0,to_timestamp('30/08/09 06:09:07.000000000 PM','DD/MM/RR HH12:MI:SS.FF AM'),14,400);
Insert into IMTB_ITEM (ITEM_TYPE_NO,SERIAL_NO,STATUS,VERSION,UPDATE_DT,ISSUE_NO,ITEM_NO) values (1,782,'I',0,to_timestamp('30/08/09 06:09:07.000000000 PM','DD/MM/RR HH12:MI:SS.FF AM'),14,401);
Insert into IMTB_ITEM (ITEM_TYPE_NO,SERIAL_NO,STATUS,VERSION,UPDATE_DT,ISSUE_NO,ITEM_NO) values (1,783,'I',0,to_timestamp('30/08/09 06:09:07.000000000 PM','DD/MM/RR HH12:MI:SS.FF AM'),14,402);
Insert into IMTB_ITEM (ITEM_TYPE_NO,SERIAL_NO,STATUS,VERSION,UPDATE_DT,ISSUE_NO,ITEM_NO) values (1,784,'I',0,to_timestamp('30/08/09 06:09:07.000000000 PM','DD/MM/RR HH12:MI:SS.FF AM'),14,403);
Insert into IMTB_ITEM (ITEM_TYPE_NO,SERIAL_NO,STATUS,VERSION,UPDATE_DT,ISSUE_NO,ITEM_NO) values (1,785,'I',0,to_timestamp('30/08/09 06:09:07.000000000 PM','DD/MM/RR HH12:MI:SS.FF AM'),14,404);
Insert into IMTB_ITEM (ITEM_TYPE_NO,SERIAL_NO,STATUS,VERSION,UPDATE_DT,ISSUE_NO,ITEM_NO) values (1,786,'I',0,to_timestamp('30/08/09 06:09:07.000000000 PM','DD/MM/RR HH12:MI:SS.FF AM'),14,405);
Insert into IMTB_ITEM (ITEM_TYPE_NO,SERIAL_NO,STATUS,VERSION,UPDATE_DT,ISSUE_NO,ITEM_NO) values (1,787,'I',0,to_timestamp('30/08/09 06:09:07.000000000 PM','DD/MM/RR HH12:MI:SS.FF AM'),14,406);
Insert into IMTB_ITEM (ITEM_TYPE_NO,SERIAL_NO,STATUS,VERSION,UPDATE_DT,ISSUE_NO,ITEM_NO) values (1,788,'I',0,to_timestamp('30/08/09 06:09:07.000000000 PM','DD/MM/RR HH12:MI:SS.FF AM'),14,407);
Insert into IMTB_ITEM (ITEM_TYPE_NO,SERIAL_NO,STATUS,VERSION,UPDATE_DT,ISSUE_NO,ITEM_NO) values (1,789,'I',0,to_timestamp('30/08/09 06:09:07.000000000 PM','DD/MM/RR HH12:MI:SS.FF AM'),14,408);
Insert into IMTB_ITEM (ITEM_TYPE_NO,SERIAL_NO,STATUS,VERSION,UPDATE_DT,ISSUE_NO,ITEM_NO) values (1,790,'I',0,to_timestamp('30/08/09 06:09:07.000000000 PM','DD/MM/RR HH12:MI:SS.FF AM'),14,409);
Insert into IMTB_ITEM (ITEM_TYPE_NO,SERIAL_NO,STATUS,VERSION,UPDATE_DT,ISSUE_NO,ITEM_NO) values (1,791,'I',0,to_timestamp('30/08/09 06:09:07.000000000 PM','DD/MM/RR HH12:MI:SS.FF AM'),14,410);
Insert into IMTB_ITEM (ITEM_TYPE_NO,SERIAL_NO,STATUS,VERSION,UPDATE_DT,ISSUE_NO,ITEM_NO) values (1,792,'I',0,to_timestamp('30/08/09 06:09:07.000000000 PM','DD/MM/RR HH12:MI:SS.FF AM'),14,411);
Insert into IMTB_ITEM (ITEM_TYPE_NO,SERIAL_NO,STATUS,VERSION,UPDATE_DT,ISSUE_NO,ITEM_NO) values (1,793,'I',0,to_timestamp('30/08/09 06:09:07.000000000 PM','DD/MM/RR HH12:MI:SS.FF AM'),14,412);
Insert into IMTB_ITEM (ITEM_TYPE_NO,SERIAL_NO,STATUS,VERSION,UPDATE_DT,ISSUE_NO,ITEM_NO) values (1,794,'I',0,to_timestamp('30/08/09 06:09:07.000000000 PM','DD/MM/RR HH12:MI:SS.FF AM'),14,413);
Insert into IMTB_ITEM (ITEM_TYPE_NO,SERIAL_NO,STATUS,VERSION,UPDATE_DT,ISSUE_NO,ITEM_NO) values (1,795,'R',0,to_timestamp('30/08/09 06:09:07.000000000 PM','DD/MM/RR HH12:MI:SS.FF AM'),14,414);
Insert into IMTB_ITEM (ITEM_TYPE_NO,SERIAL_NO,STATUS,VERSION,UPDATE_DT,ISSUE_NO,ITEM_NO) values (1,796,'I',0,to_timestamp('30/08/09 06:09:07.000000000 PM','DD/MM/RR HH12:MI:SS.FF AM'),14,415);
Insert into IMTB_ITEM (ITEM_TYPE_NO,SERIAL_NO,STATUS,VERSION,UPDATE_DT,ISSUE_NO,ITEM_NO) values (1,797,'I',0,to_timestamp('30/08/09 06:09:07.000000000 PM','DD/MM/RR HH12:MI:SS.FF AM'),14,416);
Insert into IMTB_ITEM (ITEM_TYPE_NO,SERIAL_NO,STATUS,VERSION,UPDATE_DT,ISSUE_NO,ITEM_NO) values (1,798,'I',0,to_timestamp('30/08/09 06:09:07.000000000 PM','DD/MM/RR HH12:MI:SS.FF AM'),14,417);
Insert into IMTB_ITEM (ITEM_TYPE_NO,SERIAL_NO,STATUS,VERSION,UPDATE_DT,ISSUE_NO,ITEM_NO) values (1,799,'R',0,to_timestamp('30/08/09 06:09:07.000000000 PM','DD/MM/RR HH12:MI:SS.FF AM'),14,418);
Insert into IMTB_ITEM (ITEM_TYPE_NO,SERIAL_NO,STATUS,VERSION,UPDATE_DT,ISSUE_NO,ITEM_NO) values (1,800,'I',0,to_timestamp('30/08/09 06:09:07.000000000 PM','DD/MM/RR HH12:MI:SS.FF AM'),14,419);
Insert into IMTB_ITEM (ITEM_TYPE_NO,SERIAL_NO,STATUS,VERSION,UPDATE_DT,ISSUE_NO,ITEM_NO) values (1,801,'I',0,to_timestamp('30/08/09 06:09:07.000000000 PM','DD/MM/RR HH12:MI:SS.FF AM'),14,420);
Insert into IMTB_ITEM (ITEM_TYPE_NO,SERIAL_NO,STATUS,VERSION,UPDATE_DT,ISSUE_NO,ITEM_NO) values (1,802,'I',0,to_timestamp('30/08/09 06:09:07.000000000 PM','DD/MM/RR HH12:MI:SS.FF AM'),14,421);
Insert into IMTB_ITEM (ITEM_TYPE_NO,SERIAL_NO,STATUS,VERSION,UPDATE_DT,ISSUE_NO,ITEM_NO) values (1,803,'I',0,to_timestamp('30/08/09 06:09:07.000000000 PM','DD/MM/RR HH12:MI:SS.FF AM'),14,422);
Insert into IMTB_ITEM (ITEM_TYPE_NO,SERIAL_NO,STATUS,VERSION,UPDATE_DT,ISSUE_NO,ITEM_NO) values (1,804,'I',0,to_timestamp('30/08/09 06:09:07.000000000 PM','DD/MM/RR HH12:MI:SS.FF AM'),14,423);
Insert into IMTB_ITEM (ITEM_TYPE_NO,SERIAL_NO,STATUS,VERSION,UPDATE_DT,ISSUE_NO,ITEM_NO) values (1,805,'R',0,to_timestamp('30/08/09 06:09:07.000000000 PM','DD/MM/RR HH12:MI:SS.FF AM'),14,424);
Insert into IMTB_ITEM (ITEM_TYPE_NO,SERIAL_NO,STATUS,VERSION,UPDATE_DT,ISSUE_NO,ITEM_NO) values (1,806,'R',0,to_timestamp('30/08/09 06:09:07.000000000 PM','DD/MM/RR HH12:MI:SS.FF AM'),14,425);
Insert into IMTB_ITEM (ITEM_TYPE_NO,SERIAL_NO,STATUS,VERSION,UPDATE_DT,ISSUE_NO,ITEM_NO) values (1,807,'R',0,to_timestamp('30/08/09 06:09:07.000000000 PM','DD/MM/RR HH12:MI:SS.FF AM'),14,426);
Insert into IMTB_ITEM (ITEM_TYPE_NO,SERIAL_NO,STATUS,VERSION,UPDATE_DT,ISSUE_NO,ITEM_NO) values (1,808,'I',0,to_timestamp('30/08/09 06:09:07.000000000 PM','DD/MM/RR HH12:MI:SS.FF AM'),14,427);
Insert into IMTB_ITEM (ITEM_TYPE_NO,SERIAL_NO,STATUS,VERSION,UPDATE_DT,ISSUE_NO,ITEM_NO) values (1,809,'I',0,to_timestamp('30/08/09 06:09:07.000000000 PM','DD/MM/RR HH12:MI:SS.FF AM'),14,428);
Insert into IMTB_ITEM (ITEM_TYPE_NO,SERIAL_NO,STATUS,VERSION,UPDATE_DT,ISSUE_NO,ITEM_NO) values (1,810,'I',0,to_timestamp('30/08/09 06:09:07.000000000 PM','DD/MM/RR HH12:MI:SS.FF AM'),14,429);
Insert into IMTB_ITEM (ITEM_TYPE_NO,SERIAL_NO,STATUS,VERSION,UPDATE_DT,ISSUE_NO,ITEM_NO) values (1,811,'I',0,to_timestamp('30/08/09 06:09:07.000000000 PM','DD/MM/RR HH12:MI:SS.FF AM'),14,430);
Insert into IMTB_ITEM (ITEM_TYPE_NO,SERIAL_NO,STATUS,VERSION,UPDATE_DT,ISSUE_NO,ITEM_NO) values (1,812,'R',0,to_timestamp('30/08/09 06:09:07.000000000 PM','DD/MM/RR HH12:MI:SS.FF AM'),14,431);
Insert into IMTB_ITEM (ITEM_TYPE_NO,SERIAL_NO,STATUS,VERSION,UPDATE_DT,ISSUE_NO,ITEM_NO) values (1,813,'I',0,to_timestamp('30/08/09 06:09:07.000000000 PM','DD/MM/RR HH12:MI:SS.FF AM'),14,432);
Insert into IMTB_ITEM (ITEM_TYPE_NO,SERIAL_NO,STATUS,VERSION,UPDATE_DT,ISSUE_NO,ITEM_NO) values (1,814,'I',0,to_timestamp('30/08/09 06:09:07.000000000 PM','DD/MM/RR HH12:MI:SS.FF AM'),14,433);
Insert into IMTB_ITEM (ITEM_TYPE_NO,SERIAL_NO,STATUS,VERSION,UPDATE_DT,ISSUE_NO,ITEM_NO) values (1,815,'R',0,to_timestamp('30/08/09 06:09:07.000000000 PM','DD/MM/RR HH12:MI:SS.FF AM'),14,434);
Insert into IMTB_ITEM (ITEM_TYPE_NO,SERIAL_NO,STATUS,VERSION,UPDATE_DT,ISSUE_NO,ITEM_NO) values (1,816,'I',0,to_timestamp('30/08/09 06:09:07.000000000 PM','DD/MM/RR HH12:MI:SS.FF AM'),14,435);
Insert into IMTB_ITEM (ITEM_TYPE_NO,SERIAL_NO,STATUS,VERSION,UPDATE_DT,ISSUE_NO,ITEM_NO) values (1,817,'I',0,to_timestamp('30/08/09 06:09:07.000000000 PM','DD/MM/RR HH12:MI:SS.FF AM'),14,436);
Insert into IMTB_ITEM (ITEM_TYPE_NO,SERIAL_NO,STATUS,VERSION,UPDATE_DT,ISSUE_NO,ITEM_NO) values (1,818,'I',0,to_timestamp('30/08/09 06:09:07.000000000 PM','DD/MM/RR HH12:MI:SS.FF AM'),14,437);
Insert into IMTB_ITEM (ITEM_TYPE_NO,SERIAL_NO,STATUS,VERSION,UPDATE_DT,ISSUE_NO,ITEM_NO) values (1,819,'I',0,to_timestamp('30/08/09 06:09:07.000000000 PM','DD/MM/RR HH12:MI:SS.FF AM'),14,438);
Insert into IMTB_ITEM (ITEM_TYPE_NO,SERIAL_NO,STATUS,VERSION,UPDATE_DT,ISSUE_NO,ITEM_NO) values (1,820,'R',0,to_timestamp('30/08/09 06:09:07.000000000 PM','DD/MM/RR HH12:MI:SS.FF AM'),14,439);
Insert into IMTB_ITEM (ITEM_TYPE_NO,SERIAL_NO,STATUS,VERSION,UPDATE_DT,ISSUE_NO,ITEM_NO) values (1,821,'I',0,to_timestamp('30/08/09 06:09:07.000000000 PM','DD/MM/RR HH12:MI:SS.FF AM'),14,440);
Insert into IMTB_ITEM (ITEM_TYPE_NO,SERIAL_NO,STATUS,VERSION,UPDATE_DT,ISSUE_NO,ITEM_NO) values (1,822,'I',0,to_timestamp('30/08/09 06:09:07.000000000 PM','DD/MM/RR HH12:MI:SS.FF AM'),14,441);
Insert into IMTB_ITEM (ITEM_TYPE_NO,SERIAL_NO,STATUS,VERSION,UPDATE_DT,ISSUE_NO,ITEM_NO) values (1,823,'I',0,to_timestamp('30/08/09 06:09:07.000000000 PM','DD/MM/RR HH12:MI:SS.FF AM'),14,442);
Insert into IMTB_ITEM (ITEM_TYPE_NO,SERIAL_NO,STATUS,VERSION,UPDATE_DT,ISSUE_NO,ITEM_NO) values (1,824,'R',0,to_timestamp('30/08/09 06:09:07.000000000 PM','DD/MM/RR HH12:MI:SS.FF AM'),14,443);
Insert into IMTB_ITEM (ITEM_TYPE_NO,SERIAL_NO,STATUS,VERSION,UPDATE_DT,ISSUE_NO,ITEM_NO) values (1,825,'I',0,to_timestamp('30/08/09 06:09:07.000000000 PM','DD/MM/RR HH12:MI:SS.FF AM'),14,444);
Insert into IMTB_ITEM (ITEM_TYPE_NO,SERIAL_NO,STATUS,VERSION,UPDATE_DT,ISSUE_NO,ITEM_NO) values (1,826,'I',0,to_timestamp('30/08/09 06:09:07.000000000 PM','DD/MM/RR HH12:MI:SS.FF AM'),14,445);
Insert into IMTB_ITEM (ITEM_TYPE_NO,SERIAL_NO,STATUS,VERSION,UPDATE_DT,ISSUE_NO,ITEM_NO) values (1,827,'I',0,to_timestamp('30/08/09 06:09:07.000000000 PM','DD/MM/RR HH12:MI:SS.FF AM'),14,446);
Insert into IMTB_ITEM (ITEM_TYPE_NO,SERIAL_NO,STATUS,VERSION,UPDATE_DT,ISSUE_NO,ITEM_NO) values (1,828,'I',0,to_timestamp('30/08/09 06:09:07.000000000 PM','DD/MM/RR HH12:MI:SS.FF AM'),14,447);
Insert into IMTB_ITEM (ITEM_TYPE_NO,SERIAL_NO,STATUS,VERSION,UPDATE_DT,ISSUE_NO,ITEM_NO) values (1,829,'I',0,to_timestamp('30/08/09 06:09:07.000000000 PM','DD/MM/RR HH12:MI:SS.FF AM'),14,448);
Insert into IMTB_ITEM (ITEM_TYPE_NO,SERIAL_NO,STATUS,VERSION,UPDATE_DT,ISSUE_NO,ITEM_NO) values (1,830,'R',0,to_timestamp('30/08/09 06:09:07.000000000 PM','DD/MM/RR HH12:MI:SS.FF AM'),14,449);
Insert into IMTB_ITEM (ITEM_TYPE_NO,SERIAL_NO,STATUS,VERSION,UPDATE_DT,ISSUE_NO,ITEM_NO) values (1,831,'I',0,to_timestamp('30/08/09 06:09:07.000000000 PM','DD/MM/RR HH12:MI:SS.FF AM'),14,450);
Insert into IMTB_ITEM (ITEM_TYPE_NO,SERIAL_NO,STATUS,VERSION,UPDATE_DT,ISSUE_NO,ITEM_NO) values (1,832,'I',0,to_timestamp('30/08/09 06:09:07.000000000 PM','DD/MM/RR HH12:MI:SS.FF AM'),14,451);
Insert into IMTB_ITEM (ITEM_TYPE_NO,SERIAL_NO,STATUS,VERSION,UPDATE_DT,ISSUE_NO,ITEM_NO) values (1,833,'I',0,to_timestamp('30/08/09 06:09:07.000000000 PM','DD/MM/RR HH12:MI:SS.FF AM'),14,452);
Insert into IMTB_ITEM (ITEM_TYPE_NO,SERIAL_NO,STATUS,VERSION,UPDATE_DT,ISSUE_NO,ITEM_NO) values (1,834,'I',0,to_timestamp('30/08/09 06:09:07.000000000 PM','DD/MM/RR HH12:MI:SS.FF AM'),14,453);
Insert into IMTB_ITEM (ITEM_TYPE_NO,SERIAL_NO,STATUS,VERSION,UPDATE_DT,ISSUE_NO,ITEM_NO) values (1,835,'I',0,to_timestamp('30/08/09 06:09:07.000000000 PM','DD/MM/RR HH12:MI:SS.FF AM'),14,454);
Insert into IMTB_ITEM (ITEM_TYPE_NO,SERIAL_NO,STATUS,VERSION,UPDATE_DT,ISSUE_NO,ITEM_NO) values (1,836,'I',0,to_timestamp('30/08/09 06:09:07.000000000 PM','DD/MM/RR HH12:MI:SS.FF AM'),14,455);
Insert into IMTB_ITEM (ITEM_TYPE_NO,SERIAL_NO,STATUS,VERSION,UPDATE_DT,ISSUE_NO,ITEM_NO) values (1,837,'R',0,to_timestamp('30/08/09 06:09:07.000000000 PM','DD/MM/RR HH12:MI:SS.FF AM'),14,456);
Insert into IMTB_ITEM (ITEM_TYPE_NO,SERIAL_NO,STATUS,VERSION,UPDATE_DT,ISSUE_NO,ITEM_NO) values (1,838,'I',0,to_timestamp('30/08/09 06:09:07.000000000 PM','DD/MM/RR HH12:MI:SS.FF AM'),14,457);
Insert into IMTB_ITEM (ITEM_TYPE_NO,SERIAL_NO,STATUS,VERSION,UPDATE_DT,ISSUE_NO,ITEM_NO) values (1,839,'I',0,to_timestamp('30/08/09 06:09:07.000000000 PM','DD/MM/RR HH12:MI:SS.FF AM'),14,458);
Insert into IMTB_ITEM (ITEM_TYPE_NO,SERIAL_NO,STATUS,VERSION,UPDATE_DT,ISSUE_NO,ITEM_NO) values (1,840,'I',0,to_timestamp('30/08/09 06:09:07.000000000 PM','DD/MM/RR HH12:MI:SS.FF AM'),14,459);
Insert into IMTB_ITEM (ITEM_TYPE_NO,SERIAL_NO,STATUS,VERSION,UPDATE_DT,ISSUE_NO,ITEM_NO) values (1,841,'R',0,to_timestamp('30/08/09 06:09:07.000000000 PM','DD/MM/RR HH12:MI:SS.FF AM'),14,460);
Insert into IMTB_ITEM (ITEM_TYPE_NO,SERIAL_NO,STATUS,VERSION,UPDATE_DT,ISSUE_NO,ITEM_NO) values (1,842,'I',0,to_timestamp('30/08/09 06:09:07.000000000 PM','DD/MM/RR HH12:MI:SS.FF AM'),14,461);
Insert into IMTB_ITEM (ITEM_TYPE_NO,SERIAL_NO,STATUS,VERSION,UPDATE_DT,ISSUE_NO,ITEM_NO) values (1,843,'I',0,to_timestamp('30/08/09 06:09:07.000000000 PM','DD/MM/RR HH12:MI:SS.FF AM'),14,462);
Insert into IMTB_ITEM (ITEM_TYPE_NO,SERIAL_NO,STATUS,VERSION,UPDATE_DT,ISSUE_NO,ITEM_NO) values (1,844,'R',0,to_timestamp('30/08/09 06:09:07.000000000 PM','DD/MM/RR HH12:MI:SS.FF AM'),14,463);
Insert into IMTB_ITEM (ITEM_TYPE_NO,SERIAL_NO,STATUS,VERSION,UPDATE_DT,ISSUE_NO,ITEM_NO) values (1,845,'I',0,to_timestamp('30/08/09 06:09:07.000000000 PM','DD/MM/RR HH12:MI:SS.FF AM'),14,464);
Insert into IMTB_ITEM (ITEM_TYPE_NO,SERIAL_NO,STATUS,VERSION,UPDATE_DT,ISSUE_NO,ITEM_NO) values (1,846,'I',0,to_timestamp('30/08/09 06:09:07.000000000 PM','DD/MM/RR HH12:MI:SS.FF AM'),14,465);
Insert into IMTB_ITEM (ITEM_TYPE_NO,SERIAL_NO,STATUS,VERSION,UPDATE_DT,ISSUE_NO,ITEM_NO) values (1,847,'I',0,to_timestamp('30/08/09 06:09:07.000000000 PM','DD/MM/RR HH12:MI:SS.FF AM'),14,466);
Insert into IMTB_ITEM (ITEM_TYPE_NO,SERIAL_NO,STATUS,VERSION,UPDATE_DT,ISSUE_NO,ITEM_NO) values (1,848,'I',0,to_timestamp('30/08/09 06:09:07.000000000 PM','DD/MM/RR HH12:MI:SS.FF AM'),14,467);
Insert into IMTB_ITEM (ITEM_TYPE_NO,SERIAL_NO,STATUS,VERSION,UPDATE_DT,ISSUE_NO,ITEM_NO) values (1,849,'I',0,to_timestamp('30/08/09 06:09:07.000000000 PM','DD/MM/RR HH12:MI:SS.FF AM'),14,468);
Insert into IMTB_ITEM (ITEM_TYPE_NO,SERIAL_NO,STATUS,VERSION,UPDATE_DT,ISSUE_NO,ITEM_NO) values (1,850,'I',0,to_timestamp('30/08/09 06:09:07.000000000 PM','DD/MM/RR HH12:MI:SS.FF AM'),14,469);
Insert into IMTB_ITEM (ITEM_TYPE_NO,SERIAL_NO,STATUS,VERSION,UPDATE_DT,ISSUE_NO,ITEM_NO) values (1,851,'I',0,to_timestamp('30/08/09 06:09:07.000000000 PM','DD/MM/RR HH12:MI:SS.FF AM'),14,470);
Insert into IMTB_ITEM (ITEM_TYPE_NO,SERIAL_NO,STATUS,VERSION,UPDATE_DT,ISSUE_NO,ITEM_NO) values (1,852,'I',0,to_timestamp('30/08/09 06:09:07.000000000 PM','DD/MM/RR HH12:MI:SS.FF AM'),14,471);
Insert into IMTB_ITEM (ITEM_TYPE_NO,SERIAL_NO,STATUS,VERSION,UPDATE_DT,ISSUE_NO,ITEM_NO) values (1,853,'I',0,to_timestamp('30/08/09 06:09:07.000000000 PM','DD/MM/RR HH12:MI:SS.FF AM'),14,472);
Insert into IMTB_ITEM (ITEM_TYPE_NO,SERIAL_NO,STATUS,VERSION,UPDATE_DT,ISSUE_NO,ITEM_NO) values (1,854,'I',0,to_timestamp('30/08/09 06:09:07.000000000 PM','DD/MM/RR HH12:MI:SS.FF AM'),14,473);
Insert into IMTB_ITEM (ITEM_TYPE_NO,SERIAL_NO,STATUS,VERSION,UPDATE_DT,ISSUE_NO,ITEM_NO) values (1,855,'I',0,to_timestamp('30/08/09 06:09:07.000000000 PM','DD/MM/RR HH12:MI:SS.FF AM'),14,474);
Insert into IMTB_ITEM (ITEM_TYPE_NO,SERIAL_NO,STATUS,VERSION,UPDATE_DT,ISSUE_NO,ITEM_NO) values (1,856,'I',0,to_timestamp('30/08/09 06:09:07.000000000 PM','DD/MM/RR HH12:MI:SS.FF AM'),14,475);
Insert into IMTB_ITEM (ITEM_TYPE_NO,SERIAL_NO,STATUS,VERSION,UPDATE_DT,ISSUE_NO,ITEM_NO) values (1,857,'I',0,to_timestamp('30/08/09 06:09:07.000000000 PM','DD/MM/RR HH12:MI:SS.FF AM'),14,476);
Insert into IMTB_ITEM (ITEM_TYPE_NO,SERIAL_NO,STATUS,VERSION,UPDATE_DT,ISSUE_NO,ITEM_NO) values (1,858,'I',0,to_timestamp('30/08/09 06:09:07.000000000 PM','DD/MM/RR HH12:MI:SS.FF AM'),14,477);
Insert into IMTB_ITEM (ITEM_TYPE_NO,SERIAL_NO,STATUS,VERSION,UPDATE_DT,ISSUE_NO,ITEM_NO) values (1,859,'I',0,to_timestamp('30/08/09 06:09:07.000000000 PM','DD/MM/RR HH12:MI:SS.FF AM'),14,478);
Insert into IMTB_ITEM (ITEM_TYPE_NO,SERIAL_NO,STATUS,VERSION,UPDATE_DT,ISSUE_NO,ITEM_NO) values (1,860,'I',0,to_timestamp('30/08/09 06:09:07.000000000 PM','DD/MM/RR HH12:MI:SS.FF AM'),14,479);
Insert into IMTB_ITEM (ITEM_TYPE_NO,SERIAL_NO,STATUS,VERSION,UPDATE_DT,ISSUE_NO,ITEM_NO) values (1,861,'I',0,to_timestamp('30/08/09 06:09:07.000000000 PM','DD/MM/RR HH12:MI:SS.FF AM'),14,480);
Insert into IMTB_ITEM (ITEM_TYPE_NO,SERIAL_NO,STATUS,VERSION,UPDATE_DT,ISSUE_NO,ITEM_NO) values (1,862,'I',0,to_timestamp('30/08/09 06:09:07.000000000 PM','DD/MM/RR HH12:MI:SS.FF AM'),14,481);
Insert into IMTB_ITEM (ITEM_TYPE_NO,SERIAL_NO,STATUS,VERSION,UPDATE_DT,ISSUE_NO,ITEM_NO) values (1,863,'I',0,to_timestamp('30/08/09 06:09:07.000000000 PM','DD/MM/RR HH12:MI:SS.FF AM'),14,482);
Insert into IMTB_ITEM (ITEM_TYPE_NO,SERIAL_NO,STATUS,VERSION,UPDATE_DT,ISSUE_NO,ITEM_NO) values (1,864,'I',0,to_timestamp('30/08/09 06:09:07.000000000 PM','DD/MM/RR HH12:MI:SS.FF AM'),14,483);
Insert into IMTB_ITEM (ITEM_TYPE_NO,SERIAL_NO,STATUS,VERSION,UPDATE_DT,ISSUE_NO,ITEM_NO) values (1,865,'I',0,to_timestamp('30/08/09 06:09:07.000000000 PM','DD/MM/RR HH12:MI:SS.FF AM'),14,484);
Insert into IMTB_ITEM (ITEM_TYPE_NO,SERIAL_NO,STATUS,VERSION,UPDATE_DT,ISSUE_NO,ITEM_NO) values (1,866,'I',0,to_timestamp('30/08/09 06:09:07.000000000 PM','DD/MM/RR HH12:MI:SS.FF AM'),14,485);
Insert into IMTB_ITEM (ITEM_TYPE_NO,SERIAL_NO,STATUS,VERSION,UPDATE_DT,ISSUE_NO,ITEM_NO) values (1,867,'I',0,to_timestamp('30/08/09 06:09:07.000000000 PM','DD/MM/RR HH12:MI:SS.FF AM'),14,486);
Insert into IMTB_ITEM (ITEM_TYPE_NO,SERIAL_NO,STATUS,VERSION,UPDATE_DT,ISSUE_NO,ITEM_NO) values (1,868,'I',0,to_timestamp('30/08/09 06:09:07.000000000 PM','DD/MM/RR HH12:MI:SS.FF AM'),14,487);
Insert into IMTB_ITEM (ITEM_TYPE_NO,SERIAL_NO,STATUS,VERSION,UPDATE_DT,ISSUE_NO,ITEM_NO) values (1,869,'I',0,to_timestamp('30/08/09 06:09:07.000000000 PM','DD/MM/RR HH12:MI:SS.FF AM'),14,488);
Insert into IMTB_ITEM (ITEM_TYPE_NO,SERIAL_NO,STATUS,VERSION,UPDATE_DT,ISSUE_NO,ITEM_NO) values (1,870,'I',0,to_timestamp('30/08/09 06:09:07.000000000 PM','DD/MM/RR HH12:MI:SS.FF AM'),14,489);
Insert into IMTB_ITEM (ITEM_TYPE_NO,SERIAL_NO,STATUS,VERSION,UPDATE_DT,ISSUE_NO,ITEM_NO) values (1,871,'I',0,to_timestamp('30/08/09 06:09:07.000000000 PM','DD/MM/RR HH12:MI:SS.FF AM'),14,490);
Insert into IMTB_ITEM (ITEM_TYPE_NO,SERIAL_NO,STATUS,VERSION,UPDATE_DT,ISSUE_NO,ITEM_NO) values (1,872,'I',0,to_timestamp('30/08/09 06:09:07.000000000 PM','DD/MM/RR HH12:MI:SS.FF AM'),14,491);
Insert into IMTB_ITEM (ITEM_TYPE_NO,SERIAL_NO,STATUS,VERSION,UPDATE_DT,ISSUE_NO,ITEM_NO) values (1,873,'I',0,to_timestamp('30/08/09 06:09:07.000000000 PM','DD/MM/RR HH12:MI:SS.FF AM'),14,492);
Insert into IMTB_ITEM (ITEM_TYPE_NO,SERIAL_NO,STATUS,VERSION,UPDATE_DT,ISSUE_NO,ITEM_NO) values (1,874,'I',0,to_timestamp('30/08/09 06:09:07.000000000 PM','DD/MM/RR HH12:MI:SS.FF AM'),14,493);
Insert into IMTB_ITEM (ITEM_TYPE_NO,SERIAL_NO,STATUS,VERSION,UPDATE_DT,ISSUE_NO,ITEM_NO) values (1,875,'I',0,to_timestamp('30/08/09 06:09:07.000000000 PM','DD/MM/RR HH12:MI:SS.FF AM'),14,494);
Insert into IMTB_ITEM (ITEM_TYPE_NO,SERIAL_NO,STATUS,VERSION,UPDATE_DT,ISSUE_NO,ITEM_NO) values (1,876,'I',0,to_timestamp('30/08/09 06:09:07.000000000 PM','DD/MM/RR HH12:MI:SS.FF AM'),14,495);
Insert into IMTB_ITEM (ITEM_TYPE_NO,SERIAL_NO,STATUS,VERSION,UPDATE_DT,ISSUE_NO,ITEM_NO) values (1,877,'I',0,to_timestamp('30/08/09 06:09:07.000000000 PM','DD/MM/RR HH12:MI:SS.FF AM'),14,496);
Insert into IMTB_ITEM (ITEM_TYPE_NO,SERIAL_NO,STATUS,VERSION,UPDATE_DT,ISSUE_NO,ITEM_NO) values (1,878,'I',0,to_timestamp('30/08/09 06:09:07.000000000 PM','DD/MM/RR HH12:MI:SS.FF AM'),14,497);
Insert into IMTB_ITEM (ITEM_TYPE_NO,SERIAL_NO,STATUS,VERSION,UPDATE_DT,ISSUE_NO,ITEM_NO) values (1,879,'I',0,to_timestamp('30/08/09 06:09:07.000000000 PM','DD/MM/RR HH12:MI:SS.FF AM'),14,498);
Insert into IMTB_ITEM (ITEM_TYPE_NO,SERIAL_NO,STATUS,VERSION,UPDATE_DT,ISSUE_NO,ITEM_NO) values (1,880,'I',0,to_timestamp('30/08/09 06:09:07.000000000 PM','DD/MM/RR HH12:MI:SS.FF AM'),14,499);
Insert into IMTB_ITEM (ITEM_TYPE_NO,SERIAL_NO,STATUS,VERSION,UPDATE_DT,ISSUE_NO,ITEM_NO) values (1,881,'I',0,to_timestamp('30/08/09 06:09:07.000000000 PM','DD/MM/RR HH12:MI:SS.FF AM'),14,500);
Insert into IMTB_ITEM (ITEM_TYPE_NO,SERIAL_NO,STATUS,VERSION,UPDATE_DT,ISSUE_NO,ITEM_NO) values (1,882,'I',0,to_timestamp('30/08/09 06:09:07.000000000 PM','DD/MM/RR HH12:MI:SS.FF AM'),14,501);
Insert into IMTB_ITEM (ITEM_TYPE_NO,SERIAL_NO,STATUS,VERSION,UPDATE_DT,ISSUE_NO,ITEM_NO) values (1,883,'I',0,to_timestamp('30/08/09 06:09:07.000000000 PM','DD/MM/RR HH12:MI:SS.FF AM'),14,502);
Insert into IMTB_ITEM (ITEM_TYPE_NO,SERIAL_NO,STATUS,VERSION,UPDATE_DT,ISSUE_NO,ITEM_NO) values (1,884,'I',0,to_timestamp('30/08/09 06:09:07.000000000 PM','DD/MM/RR HH12:MI:SS.FF AM'),14,503);
Insert into IMTB_ITEM (ITEM_TYPE_NO,SERIAL_NO,STATUS,VERSION,UPDATE_DT,ISSUE_NO,ITEM_NO) values (1,885,'I',0,to_timestamp('30/08/09 06:09:07.000000000 PM','DD/MM/RR HH12:MI:SS.FF AM'),14,504);
Insert into IMTB_ITEM (ITEM_TYPE_NO,SERIAL_NO,STATUS,VERSION,UPDATE_DT,ISSUE_NO,ITEM_NO) values (1,886,'I',0,to_timestamp('30/08/09 06:09:07.000000000 PM','DD/MM/RR HH12:MI:SS.FF AM'),14,505);
Insert into IMTB_ITEM (ITEM_TYPE_NO,SERIAL_NO,STATUS,VERSION,UPDATE_DT,ISSUE_NO,ITEM_NO) values (1,887,'I',0,to_timestamp('30/08/09 06:09:07.000000000 PM','DD/MM/RR HH12:MI:SS.FF AM'),14,506);
Insert into IMTB_ITEM (ITEM_TYPE_NO,SERIAL_NO,STATUS,VERSION,UPDATE_DT,ISSUE_NO,ITEM_NO) values (1,888,'I',0,to_timestamp('30/08/09 06:09:07.000000000 PM','DD/MM/RR HH12:MI:SS.FF AM'),14,507);
Insert into IMTB_ITEM (ITEM_TYPE_NO,SERIAL_NO,STATUS,VERSION,UPDATE_DT,ISSUE_NO,ITEM_NO) values (1,889,'I',0,to_timestamp('30/08/09 06:09:07.000000000 PM','DD/MM/RR HH12:MI:SS.FF AM'),14,508);
Insert into IMTB_ITEM (ITEM_TYPE_NO,SERIAL_NO,STATUS,VERSION,UPDATE_DT,ISSUE_NO,ITEM_NO) values (1,890,'I',0,to_timestamp('30/08/09 06:09:07.000000000 PM','DD/MM/RR HH12:MI:SS.FF AM'),14,509);
Insert into IMTB_ITEM (ITEM_TYPE_NO,SERIAL_NO,STATUS,VERSION,UPDATE_DT,ISSUE_NO,ITEM_NO) values (1,891,'I',0,to_timestamp('30/08/09 06:09:07.000000000 PM','DD/MM/RR HH12:MI:SS.FF AM'),14,510);
Insert into IMTB_ITEM (ITEM_TYPE_NO,SERIAL_NO,STATUS,VERSION,UPDATE_DT,ISSUE_NO,ITEM_NO) values (1,892,'I',0,to_timestamp('30/08/09 06:09:07.000000000 PM','DD/MM/RR HH12:MI:SS.FF AM'),14,511);
Insert into IMTB_ITEM (ITEM_TYPE_NO,SERIAL_NO,STATUS,VERSION,UPDATE_DT,ISSUE_NO,ITEM_NO) values (1,893,'I',0,to_timestamp('30/08/09 06:09:07.000000000 PM','DD/MM/RR HH12:MI:SS.FF AM'),14,512);
Insert into IMTB_ITEM (ITEM_TYPE_NO,SERIAL_NO,STATUS,VERSION,UPDATE_DT,ISSUE_NO,ITEM_NO) values (1,894,'I',0,to_timestamp('30/08/09 06:09:07.000000000 PM','DD/MM/RR HH12:MI:SS.FF AM'),14,513);
Insert into IMTB_ITEM (ITEM_TYPE_NO,SERIAL_NO,STATUS,VERSION,UPDATE_DT,ISSUE_NO,ITEM_NO) values (1,895,'I',0,to_timestamp('30/08/09 06:09:07.000000000 PM','DD/MM/RR HH12:MI:SS.FF AM'),14,514);
Insert into IMTB_ITEM (ITEM_TYPE_NO,SERIAL_NO,STATUS,VERSION,UPDATE_DT,ISSUE_NO,ITEM_NO) values (1,896,'I',0,to_timestamp('30/08/09 06:09:07.000000000 PM','DD/MM/RR HH12:MI:SS.FF AM'),14,515);
Insert into IMTB_ITEM (ITEM_TYPE_NO,SERIAL_NO,STATUS,VERSION,UPDATE_DT,ISSUE_NO,ITEM_NO) values (1,897,'I',0,to_timestamp('30/08/09 06:09:07.000000000 PM','DD/MM/RR HH12:MI:SS.FF AM'),14,516);
Insert into IMTB_ITEM (ITEM_TYPE_NO,SERIAL_NO,STATUS,VERSION,UPDATE_DT,ISSUE_NO,ITEM_NO) values (1,898,'I',0,to_timestamp('30/08/09 06:09:07.000000000 PM','DD/MM/RR HH12:MI:SS.FF AM'),14,517);
Insert into IMTB_ITEM (ITEM_TYPE_NO,SERIAL_NO,STATUS,VERSION,UPDATE_DT,ISSUE_NO,ITEM_NO) values (1,899,'I',0,to_timestamp('30/08/09 06:09:07.000000000 PM','DD/MM/RR HH12:MI:SS.FF AM'),14,518);
Insert into IMTB_ITEM (ITEM_TYPE_NO,SERIAL_NO,STATUS,VERSION,UPDATE_DT,ISSUE_NO,ITEM_NO) values (1,900,'I',0,to_timestamp('30/08/09 06:09:07.000000000 PM','DD/MM/RR HH12:MI:SS.FF AM'),14,519);
Insert into IMTB_ITEM (ITEM_TYPE_NO,SERIAL_NO,STATUS,VERSION,UPDATE_DT,ISSUE_NO,ITEM_NO) values (1,901,'I',0,to_timestamp('30/08/09 06:09:07.000000000 PM','DD/MM/RR HH12:MI:SS.FF AM'),14,520);
Insert into IMTB_ITEM (ITEM_TYPE_NO,SERIAL_NO,STATUS,VERSION,UPDATE_DT,ISSUE_NO,ITEM_NO) values (1,902,'I',0,to_timestamp('30/08/09 06:09:07.000000000 PM','DD/MM/RR HH12:MI:SS.FF AM'),14,521);
Insert into IMTB_ITEM (ITEM_TYPE_NO,SERIAL_NO,STATUS,VERSION,UPDATE_DT,ISSUE_NO,ITEM_NO) values (1,903,'I',0,to_timestamp('30/08/09 06:09:07.000000000 PM','DD/MM/RR HH12:MI:SS.FF AM'),14,522);
Insert into IMTB_ITEM (ITEM_TYPE_NO,SERIAL_NO,STATUS,VERSION,UPDATE_DT,ISSUE_NO,ITEM_NO) values (1,904,'I',0,to_timestamp('30/08/09 06:09:07.000000000 PM','DD/MM/RR HH12:MI:SS.FF AM'),14,523);
Insert into IMTB_ITEM (ITEM_TYPE_NO,SERIAL_NO,STATUS,VERSION,UPDATE_DT,ISSUE_NO,ITEM_NO) values (1,905,'I',0,to_timestamp('30/08/09 06:09:07.000000000 PM','DD/MM/RR HH12:MI:SS.FF AM'),14,524);
Insert into IMTB_ITEM (ITEM_TYPE_NO,SERIAL_NO,STATUS,VERSION,UPDATE_DT,ISSUE_NO,ITEM_NO) values (1,906,'I',0,to_timestamp('30/08/09 06:09:07.000000000 PM','DD/MM/RR HH12:MI:SS.FF AM'),14,525);
Insert into IMTB_ITEM (ITEM_TYPE_NO,SERIAL_NO,STATUS,VERSION,UPDATE_DT,ISSUE_NO,ITEM_NO) values (1,907,'I',0,to_timestamp('30/08/09 06:09:07.000000000 PM','DD/MM/RR HH12:MI:SS.FF AM'),14,526);
Insert into IMTB_ITEM (ITEM_TYPE_NO,SERIAL_NO,STATUS,VERSION,UPDATE_DT,ISSUE_NO,ITEM_NO) values (1,908,'I',0,to_timestamp('30/08/09 06:09:07.000000000 PM','DD/MM/RR HH12:MI:SS.FF AM'),14,527);
Insert into IMTB_ITEM (ITEM_TYPE_NO,SERIAL_NO,STATUS,VERSION,UPDATE_DT,ISSUE_NO,ITEM_NO) values (1,909,'I',0,to_timestamp('30/08/09 06:09:07.000000000 PM','DD/MM/RR HH12:MI:SS.FF AM'),14,528);
Insert into IMTB_ITEM (ITEM_TYPE_NO,SERIAL_NO,STATUS,VERSION,UPDATE_DT,ISSUE_NO,ITEM_NO) values (1,910,'I',0,to_timestamp('30/08/09 06:09:07.000000000 PM','DD/MM/RR HH12:MI:SS.FF AM'),14,529);
Insert into IMTB_ITEM (ITEM_TYPE_NO,SERIAL_NO,STATUS,VERSION,UPDATE_DT,ISSUE_NO,ITEM_NO) values (1,911,'I',0,to_timestamp('30/08/09 06:09:07.000000000 PM','DD/MM/RR HH12:MI:SS.FF AM'),14,530);
Insert into IMTB_ITEM (ITEM_TYPE_NO,SERIAL_NO,STATUS,VERSION,UPDATE_DT,ISSUE_NO,ITEM_NO) values (1,912,'I',0,to_timestamp('30/08/09 06:09:07.000000000 PM','DD/MM/RR HH12:MI:SS.FF AM'),14,531);
Insert into IMTB_ITEM (ITEM_TYPE_NO,SERIAL_NO,STATUS,VERSION,UPDATE_DT,ISSUE_NO,ITEM_NO) values (1,913,'I',0,to_timestamp('30/08/09 06:09:07.000000000 PM','DD/MM/RR HH12:MI:SS.FF AM'),14,532);
Insert into IMTB_ITEM (ITEM_TYPE_NO,SERIAL_NO,STATUS,VERSION,UPDATE_DT,ISSUE_NO,ITEM_NO) values (1,914,'I',0,to_timestamp('30/08/09 06:09:07.000000000 PM','DD/MM/RR HH12:MI:SS.FF AM'),14,533);
Insert into IMTB_ITEM (ITEM_TYPE_NO,SERIAL_NO,STATUS,VERSION,UPDATE_DT,ISSUE_NO,ITEM_NO) values (1,915,'I',0,to_timestamp('30/08/09 06:09:07.000000000 PM','DD/MM/RR HH12:MI:SS.FF AM'),14,534);
Insert into IMTB_ITEM (ITEM_TYPE_NO,SERIAL_NO,STATUS,VERSION,UPDATE_DT,ISSUE_NO,ITEM_NO) values (1,916,'I',0,to_timestamp('30/08/09 06:09:07.000000000 PM','DD/MM/RR HH12:MI:SS.FF AM'),14,535);
Insert into IMTB_ITEM (ITEM_TYPE_NO,SERIAL_NO,STATUS,VERSION,UPDATE_DT,ISSUE_NO,ITEM_NO) values (1,917,'I',0,to_timestamp('30/08/09 06:09:07.000000000 PM','DD/MM/RR HH12:MI:SS.FF AM'),14,536);
Insert into IMTB_ITEM (ITEM_TYPE_NO,SERIAL_NO,STATUS,VERSION,UPDATE_DT,ISSUE_NO,ITEM_NO) values (1,918,'I',0,to_timestamp('30/08/09 06:09:07.000000000 PM','DD/MM/RR HH12:MI:SS.FF AM'),14,537);
Insert into IMTB_ITEM (ITEM_TYPE_NO,SERIAL_NO,STATUS,VERSION,UPDATE_DT,ISSUE_NO,ITEM_NO) values (1,919,'I',0,to_timestamp('30/08/09 06:09:07.000000000 PM','DD/MM/RR HH12:MI:SS.FF AM'),14,538);
Insert into IMTB_ITEM (ITEM_TYPE_NO,SERIAL_NO,STATUS,VERSION,UPDATE_DT,ISSUE_NO,ITEM_NO) values (1,920,'I',0,to_timestamp('30/08/09 06:09:07.000000000 PM','DD/MM/RR HH12:MI:SS.FF AM'),14,539);
Insert into IMTB_ITEM (ITEM_TYPE_NO,SERIAL_NO,STATUS,VERSION,UPDATE_DT,ISSUE_NO,ITEM_NO) values (1,921,'I',0,to_timestamp('30/08/09 06:09:07.000000000 PM','DD/MM/RR HH12:MI:SS.FF AM'),14,540);
Insert into IMTB_ITEM (ITEM_TYPE_NO,SERIAL_NO,STATUS,VERSION,UPDATE_DT,ISSUE_NO,ITEM_NO) values (1,922,'I',0,to_timestamp('30/08/09 06:09:07.000000000 PM','DD/MM/RR HH12:MI:SS.FF AM'),14,541);
Insert into IMTB_ITEM (ITEM_TYPE_NO,SERIAL_NO,STATUS,VERSION,UPDATE_DT,ISSUE_NO,ITEM_NO) values (1,923,'I',0,to_timestamp('30/08/09 06:09:07.000000000 PM','DD/MM/RR HH12:MI:SS.FF AM'),14,542);
Insert into IMTB_ITEM (ITEM_TYPE_NO,SERIAL_NO,STATUS,VERSION,UPDATE_DT,ISSUE_NO,ITEM_NO) values (1,924,'I',0,to_timestamp('30/08/09 06:09:07.000000000 PM','DD/MM/RR HH12:MI:SS.FF AM'),14,543);
Insert into IMTB_ITEM (ITEM_TYPE_NO,SERIAL_NO,STATUS,VERSION,UPDATE_DT,ISSUE_NO,ITEM_NO) values (1,925,'I',0,to_timestamp('30/08/09 06:09:07.000000000 PM','DD/MM/RR HH12:MI:SS.FF AM'),14,544);
Insert into IMTB_ITEM (ITEM_TYPE_NO,SERIAL_NO,STATUS,VERSION,UPDATE_DT,ISSUE_NO,ITEM_NO) values (1,926,'I',0,to_timestamp('30/08/09 06:09:07.000000000 PM','DD/MM/RR HH12:MI:SS.FF AM'),14,545);
Insert into IMTB_ITEM (ITEM_TYPE_NO,SERIAL_NO,STATUS,VERSION,UPDATE_DT,ISSUE_NO,ITEM_NO) values (1,927,'I',0,to_timestamp('30/08/09 06:09:07.000000000 PM','DD/MM/RR HH12:MI:SS.FF AM'),14,546);
Insert into IMTB_ITEM (ITEM_TYPE_NO,SERIAL_NO,STATUS,VERSION,UPDATE_DT,ISSUE_NO,ITEM_NO) values (1,928,'I',0,to_timestamp('30/08/09 06:09:07.000000000 PM','DD/MM/RR HH12:MI:SS.FF AM'),14,547);
Insert into IMTB_ITEM (ITEM_TYPE_NO,SERIAL_NO,STATUS,VERSION,UPDATE_DT,ISSUE_NO,ITEM_NO) values (1,929,'I',0,to_timestamp('30/08/09 06:09:07.000000000 PM','DD/MM/RR HH12:MI:SS.FF AM'),14,548);
Insert into IMTB_ITEM (ITEM_TYPE_NO,SERIAL_NO,STATUS,VERSION,UPDATE_DT,ISSUE_NO,ITEM_NO) values (1,930,'I',0,to_timestamp('30/08/09 06:09:07.000000000 PM','DD/MM/RR HH12:MI:SS.FF AM'),14,549);
Insert into IMTB_ITEM (ITEM_TYPE_NO,SERIAL_NO,STATUS,VERSION,UPDATE_DT,ISSUE_NO,ITEM_NO) values (1,931,'I',0,to_timestamp('30/08/09 06:09:07.000000000 PM','DD/MM/RR HH12:MI:SS.FF AM'),14,550);
Insert into IMTB_ITEM (ITEM_TYPE_NO,SERIAL_NO,STATUS,VERSION,UPDATE_DT,ISSUE_NO,ITEM_NO) values (1,932,'I',0,to_timestamp('30/08/09 06:09:07.000000000 PM','DD/MM/RR HH12:MI:SS.FF AM'),14,551);
Insert into IMTB_ITEM (ITEM_TYPE_NO,SERIAL_NO,STATUS,VERSION,UPDATE_DT,ISSUE_NO,ITEM_NO) values (1,933,'I',0,to_timestamp('30/08/09 06:09:07.000000000 PM','DD/MM/RR HH12:MI:SS.FF AM'),14,552);
Insert into IMTB_ITEM (ITEM_TYPE_NO,SERIAL_NO,STATUS,VERSION,UPDATE_DT,ISSUE_NO,ITEM_NO) values (1,934,'I',0,to_timestamp('30/08/09 06:09:07.000000000 PM','DD/MM/RR HH12:MI:SS.FF AM'),14,553);
Insert into IMTB_ITEM (ITEM_TYPE_NO,SERIAL_NO,STATUS,VERSION,UPDATE_DT,ISSUE_NO,ITEM_NO) values (1,935,'I',0,to_timestamp('30/08/09 06:09:07.000000000 PM','DD/MM/RR HH12:MI:SS.FF AM'),14,554);
Insert into IMTB_ITEM (ITEM_TYPE_NO,SERIAL_NO,STATUS,VERSION,UPDATE_DT,ISSUE_NO,ITEM_NO) values (1,936,'I',0,to_timestamp('30/08/09 06:09:07.000000000 PM','DD/MM/RR HH12:MI:SS.FF AM'),14,555);
Insert into IMTB_ITEM (ITEM_TYPE_NO,SERIAL_NO,STATUS,VERSION,UPDATE_DT,ISSUE_NO,ITEM_NO) values (1,937,'I',0,to_timestamp('30/08/09 06:09:07.000000000 PM','DD/MM/RR HH12:MI:SS.FF AM'),14,556);
Insert into IMTB_ITEM (ITEM_TYPE_NO,SERIAL_NO,STATUS,VERSION,UPDATE_DT,ISSUE_NO,ITEM_NO) values (1,938,'I',0,to_timestamp('30/08/09 06:09:07.000000000 PM','DD/MM/RR HH12:MI:SS.FF AM'),14,557);
Insert into IMTB_ITEM (ITEM_TYPE_NO,SERIAL_NO,STATUS,VERSION,UPDATE_DT,ISSUE_NO,ITEM_NO) values (1,939,'I',0,to_timestamp('30/08/09 06:09:07.000000000 PM','DD/MM/RR HH12:MI:SS.FF AM'),14,558);
Insert into IMTB_ITEM (ITEM_TYPE_NO,SERIAL_NO,STATUS,VERSION,UPDATE_DT,ISSUE_NO,ITEM_NO) values (1,940,'I',0,to_timestamp('30/08/09 06:09:07.000000000 PM','DD/MM/RR HH12:MI:SS.FF AM'),14,559);
Insert into IMTB_ITEM (ITEM_TYPE_NO,SERIAL_NO,STATUS,VERSION,UPDATE_DT,ISSUE_NO,ITEM_NO) values (1,941,'I',0,to_timestamp('30/08/09 06:09:07.000000000 PM','DD/MM/RR HH12:MI:SS.FF AM'),14,560);
Insert into IMTB_ITEM (ITEM_TYPE_NO,SERIAL_NO,STATUS,VERSION,UPDATE_DT,ISSUE_NO,ITEM_NO) values (1,942,'I',0,to_timestamp('30/08/09 06:09:07.000000000 PM','DD/MM/RR HH12:MI:SS.FF AM'),14,561);
Insert into IMTB_ITEM (ITEM_TYPE_NO,SERIAL_NO,STATUS,VERSION,UPDATE_DT,ISSUE_NO,ITEM_NO) values (1,943,'I',0,to_timestamp('30/08/09 06:09:07.000000000 PM','DD/MM/RR HH12:MI:SS.FF AM'),14,562);
Insert into IMTB_ITEM (ITEM_TYPE_NO,SERIAL_NO,STATUS,VERSION,UPDATE_DT,ISSUE_NO,ITEM_NO) values (1,944,'I',0,to_timestamp('30/08/09 06:09:07.000000000 PM','DD/MM/RR HH12:MI:SS.FF AM'),14,563);
Insert into IMTB_ITEM (ITEM_TYPE_NO,SERIAL_NO,STATUS,VERSION,UPDATE_DT,ISSUE_NO,ITEM_NO) values (1,945,'I',0,to_timestamp('30/08/09 06:09:07.000000000 PM','DD/MM/RR HH12:MI:SS.FF AM'),14,564);
Insert into IMTB_ITEM (ITEM_TYPE_NO,SERIAL_NO,STATUS,VERSION,UPDATE_DT,ISSUE_NO,ITEM_NO) values (1,946,'I',0,to_timestamp('30/08/09 06:09:07.000000000 PM','DD/MM/RR HH12:MI:SS.FF AM'),14,565);
Insert into IMTB_ITEM (ITEM_TYPE_NO,SERIAL_NO,STATUS,VERSION,UPDATE_DT,ISSUE_NO,ITEM_NO) values (1,947,'I',0,to_timestamp('30/08/09 06:09:07.000000000 PM','DD/MM/RR HH12:MI:SS.FF AM'),14,566);
Insert into IMTB_ITEM (ITEM_TYPE_NO,SERIAL_NO,STATUS,VERSION,UPDATE_DT,ISSUE_NO,ITEM_NO) values (1,948,'I',0,to_timestamp('30/08/09 06:09:07.000000000 PM','DD/MM/RR HH12:MI:SS.FF AM'),14,567);
Insert into IMTB_ITEM (ITEM_TYPE_NO,SERIAL_NO,STATUS,VERSION,UPDATE_DT,ISSUE_NO,ITEM_NO) values (1,949,'I',0,to_timestamp('30/08/09 06:09:07.000000000 PM','DD/MM/RR HH12:MI:SS.FF AM'),14,568);
Insert into IMTB_ITEM (ITEM_TYPE_NO,SERIAL_NO,STATUS,VERSION,UPDATE_DT,ISSUE_NO,ITEM_NO) values (1,950,'I',0,to_timestamp('30/08/09 06:09:07.000000000 PM','DD/MM/RR HH12:MI:SS.FF AM'),14,569);
Insert into IMTB_ITEM (ITEM_TYPE_NO,SERIAL_NO,STATUS,VERSION,UPDATE_DT,ISSUE_NO,ITEM_NO) values (1,951,'I',0,to_timestamp('30/08/09 06:09:07.000000000 PM','DD/MM/RR HH12:MI:SS.FF AM'),14,570);
Insert into IMTB_ITEM (ITEM_TYPE_NO,SERIAL_NO,STATUS,VERSION,UPDATE_DT,ISSUE_NO,ITEM_NO) values (1,952,'I',0,to_timestamp('30/08/09 06:09:07.000000000 PM','DD/MM/RR HH12:MI:SS.FF AM'),14,571);
Insert into IMTB_ITEM (ITEM_TYPE_NO,SERIAL_NO,STATUS,VERSION,UPDATE_DT,ISSUE_NO,ITEM_NO) values (1,953,'I',0,to_timestamp('30/08/09 06:09:07.000000000 PM','DD/MM/RR HH12:MI:SS.FF AM'),14,572);
Insert into IMTB_ITEM (ITEM_TYPE_NO,SERIAL_NO,STATUS,VERSION,UPDATE_DT,ISSUE_NO,ITEM_NO) values (1,954,'I',0,to_timestamp('30/08/09 06:09:07.000000000 PM','DD/MM/RR HH12:MI:SS.FF AM'),14,573);
Insert into IMTB_ITEM (ITEM_TYPE_NO,SERIAL_NO,STATUS,VERSION,UPDATE_DT,ISSUE_NO,ITEM_NO) values (1,955,'I',0,to_timestamp('30/08/09 06:09:07.000000000 PM','DD/MM/RR HH12:MI:SS.FF AM'),14,574);
Insert into IMTB_ITEM (ITEM_TYPE_NO,SERIAL_NO,STATUS,VERSION,UPDATE_DT,ISSUE_NO,ITEM_NO) values (1,956,'I',0,to_timestamp('30/08/09 06:09:07.000000000 PM','DD/MM/RR HH12:MI:SS.FF AM'),14,575);
Insert into IMTB_ITEM (ITEM_TYPE_NO,SERIAL_NO,STATUS,VERSION,UPDATE_DT,ISSUE_NO,ITEM_NO) values (1,957,'I',0,to_timestamp('30/08/09 06:09:07.000000000 PM','DD/MM/RR HH12:MI:SS.FF AM'),14,576);
Insert into IMTB_ITEM (ITEM_TYPE_NO,SERIAL_NO,STATUS,VERSION,UPDATE_DT,ISSUE_NO,ITEM_NO) values (1,958,'I',0,to_timestamp('30/08/09 06:09:07.000000000 PM','DD/MM/RR HH12:MI:SS.FF AM'),14,577);
Insert into IMTB_ITEM (ITEM_TYPE_NO,SERIAL_NO,STATUS,VERSION,UPDATE_DT,ISSUE_NO,ITEM_NO) values (1,959,'I',0,to_timestamp('30/08/09 06:09:07.000000000 PM','DD/MM/RR HH12:MI:SS.FF AM'),14,578);
Insert into IMTB_ITEM (ITEM_TYPE_NO,SERIAL_NO,STATUS,VERSION,UPDATE_DT,ISSUE_NO,ITEM_NO) values (1,960,'I',0,to_timestamp('30/08/09 06:09:07.000000000 PM','DD/MM/RR HH12:MI:SS.FF AM'),14,579);
Insert into IMTB_ITEM (ITEM_TYPE_NO,SERIAL_NO,STATUS,VERSION,UPDATE_DT,ISSUE_NO,ITEM_NO) values (1,961,'I',0,to_timestamp('30/08/09 06:09:07.000000000 PM','DD/MM/RR HH12:MI:SS.FF AM'),14,580);
Insert into IMTB_ITEM (ITEM_TYPE_NO,SERIAL_NO,STATUS,VERSION,UPDATE_DT,ISSUE_NO,ITEM_NO) values (1,962,'I',0,to_timestamp('30/08/09 06:09:07.000000000 PM','DD/MM/RR HH12:MI:SS.FF AM'),14,581);
Insert into IMTB_ITEM (ITEM_TYPE_NO,SERIAL_NO,STATUS,VERSION,UPDATE_DT,ISSUE_NO,ITEM_NO) values (1,963,'I',0,to_timestamp('30/08/09 06:09:07.000000000 PM','DD/MM/RR HH12:MI:SS.FF AM'),14,582);
Insert into IMTB_ITEM (ITEM_TYPE_NO,SERIAL_NO,STATUS,VERSION,UPDATE_DT,ISSUE_NO,ITEM_NO) values (1,964,'I',0,to_timestamp('30/08/09 06:09:07.000000000 PM','DD/MM/RR HH12:MI:SS.FF AM'),14,583);
Insert into IMTB_ITEM (ITEM_TYPE_NO,SERIAL_NO,STATUS,VERSION,UPDATE_DT,ISSUE_NO,ITEM_NO) values (1,965,'I',0,to_timestamp('30/08/09 06:09:07.000000000 PM','DD/MM/RR HH12:MI:SS.FF AM'),14,584);
Insert into IMTB_ITEM (ITEM_TYPE_NO,SERIAL_NO,STATUS,VERSION,UPDATE_DT,ISSUE_NO,ITEM_NO) values (1,966,'I',0,to_timestamp('30/08/09 06:09:07.000000000 PM','DD/MM/RR HH12:MI:SS.FF AM'),14,585);
Insert into IMTB_ITEM (ITEM_TYPE_NO,SERIAL_NO,STATUS,VERSION,UPDATE_DT,ISSUE_NO,ITEM_NO) values (1,967,'I',0,to_timestamp('30/08/09 06:09:07.000000000 PM','DD/MM/RR HH12:MI:SS.FF AM'),14,586);
Insert into IMTB_ITEM (ITEM_TYPE_NO,SERIAL_NO,STATUS,VERSION,UPDATE_DT,ISSUE_NO,ITEM_NO) values (1,968,'I',0,to_timestamp('30/08/09 06:09:07.000000000 PM','DD/MM/RR HH12:MI:SS.FF AM'),14,587);
Insert into IMTB_ITEM (ITEM_TYPE_NO,SERIAL_NO,STATUS,VERSION,UPDATE_DT,ISSUE_NO,ITEM_NO) values (1,969,'I',0,to_timestamp('30/08/09 06:09:07.000000000 PM','DD/MM/RR HH12:MI:SS.FF AM'),14,588);
Insert into IMTB_ITEM (ITEM_TYPE_NO,SERIAL_NO,STATUS,VERSION,UPDATE_DT,ISSUE_NO,ITEM_NO) values (1,970,'I',0,to_timestamp('30/08/09 06:09:07.000000000 PM','DD/MM/RR HH12:MI:SS.FF AM'),14,589);
Insert into IMTB_ITEM (ITEM_TYPE_NO,SERIAL_NO,STATUS,VERSION,UPDATE_DT,ISSUE_NO,ITEM_NO) values (1,971,'I',0,to_timestamp('30/08/09 06:09:07.000000000 PM','DD/MM/RR HH12:MI:SS.FF AM'),14,590);
Insert into IMTB_ITEM (ITEM_TYPE_NO,SERIAL_NO,STATUS,VERSION,UPDATE_DT,ISSUE_NO,ITEM_NO) values (1,972,'I',0,to_timestamp('30/08/09 06:09:07.000000000 PM','DD/MM/RR HH12:MI:SS.FF AM'),14,591);
Insert into IMTB_ITEM (ITEM_TYPE_NO,SERIAL_NO,STATUS,VERSION,UPDATE_DT,ISSUE_NO,ITEM_NO) values (1,973,'I',0,to_timestamp('30/08/09 06:09:07.000000000 PM','DD/MM/RR HH12:MI:SS.FF AM'),14,592);
Insert into IMTB_ITEM (ITEM_TYPE_NO,SERIAL_NO,STATUS,VERSION,UPDATE_DT,ISSUE_NO,ITEM_NO) values (1,974,'I',0,to_timestamp('30/08/09 06:09:07.000000000 PM','DD/MM/RR HH12:MI:SS.FF AM'),14,593);
Insert into IMTB_ITEM (ITEM_TYPE_NO,SERIAL_NO,STATUS,VERSION,UPDATE_DT,ISSUE_NO,ITEM_NO) values (1,975,'I',0,to_timestamp('30/08/09 06:09:07.000000000 PM','DD/MM/RR HH12:MI:SS.FF AM'),14,594);
Insert into IMTB_ITEM (ITEM_TYPE_NO,SERIAL_NO,STATUS,VERSION,UPDATE_DT,ISSUE_NO,ITEM_NO) values (1,976,'I',0,to_timestamp('30/08/09 06:09:07.000000000 PM','DD/MM/RR HH12:MI:SS.FF AM'),14,595);
Insert into IMTB_ITEM (ITEM_TYPE_NO,SERIAL_NO,STATUS,VERSION,UPDATE_DT,ISSUE_NO,ITEM_NO) values (1,977,'I',0,to_timestamp('30/08/09 06:09:07.000000000 PM','DD/MM/RR HH12:MI:SS.FF AM'),14,596);
Insert into IMTB_ITEM (ITEM_TYPE_NO,SERIAL_NO,STATUS,VERSION,UPDATE_DT,ISSUE_NO,ITEM_NO) values (1,978,'I',0,to_timestamp('30/08/09 06:09:07.000000000 PM','DD/MM/RR HH12:MI:SS.FF AM'),14,597);
Insert into IMTB_ITEM (ITEM_TYPE_NO,SERIAL_NO,STATUS,VERSION,UPDATE_DT,ISSUE_NO,ITEM_NO) values (1,979,'I',0,to_timestamp('30/08/09 06:09:07.000000000 PM','DD/MM/RR HH12:MI:SS.FF AM'),14,598);
Insert into IMTB_ITEM (ITEM_TYPE_NO,SERIAL_NO,STATUS,VERSION,UPDATE_DT,ISSUE_NO,ITEM_NO) values (1,980,'I',0,to_timestamp('30/08/09 06:09:07.000000000 PM','DD/MM/RR HH12:MI:SS.FF AM'),14,599);
Insert into IMTB_ITEM (ITEM_TYPE_NO,SERIAL_NO,STATUS,VERSION,UPDATE_DT,ISSUE_NO,ITEM_NO) values (1,981,'I',0,to_timestamp('30/08/09 06:09:07.000000000 PM','DD/MM/RR HH12:MI:SS.FF AM'),14,600);
Insert into IMTB_ITEM (ITEM_TYPE_NO,SERIAL_NO,STATUS,VERSION,UPDATE_DT,ISSUE_NO,ITEM_NO) values (1,982,'I',0,to_timestamp('30/08/09 06:09:07.000000000 PM','DD/MM/RR HH12:MI:SS.FF AM'),14,601);
Insert into IMTB_ITEM (ITEM_TYPE_NO,SERIAL_NO,STATUS,VERSION,UPDATE_DT,ISSUE_NO,ITEM_NO) values (1,983,'I',0,to_timestamp('30/08/09 06:09:07.000000000 PM','DD/MM/RR HH12:MI:SS.FF AM'),14,602);
Insert into IMTB_ITEM (ITEM_TYPE_NO,SERIAL_NO,STATUS,VERSION,UPDATE_DT,ISSUE_NO,ITEM_NO) values (1,984,'I',0,to_timestamp('30/08/09 06:09:07.000000000 PM','DD/MM/RR HH12:MI:SS.FF AM'),14,603);
Insert into IMTB_ITEM (ITEM_TYPE_NO,SERIAL_NO,STATUS,VERSION,UPDATE_DT,ISSUE_NO,ITEM_NO) values (1,985,'I',0,to_timestamp('30/08/09 06:09:07.000000000 PM','DD/MM/RR HH12:MI:SS.FF AM'),14,604);
Insert into IMTB_ITEM (ITEM_TYPE_NO,SERIAL_NO,STATUS,VERSION,UPDATE_DT,ISSUE_NO,ITEM_NO) values (1,986,'I',0,to_timestamp('30/08/09 06:09:07.000000000 PM','DD/MM/RR HH12:MI:SS.FF AM'),14,605);
Insert into IMTB_ITEM (ITEM_TYPE_NO,SERIAL_NO,STATUS,VERSION,UPDATE_DT,ISSUE_NO,ITEM_NO) values (1,987,'I',0,to_timestamp('30/08/09 06:09:07.000000000 PM','DD/MM/RR HH12:MI:SS.FF AM'),14,606);
Insert into IMTB_ITEM (ITEM_TYPE_NO,SERIAL_NO,STATUS,VERSION,UPDATE_DT,ISSUE_NO,ITEM_NO) values (1,988,'I',0,to_timestamp('30/08/09 06:09:07.000000000 PM','DD/MM/RR HH12:MI:SS.FF AM'),14,607);
Insert into IMTB_ITEM (ITEM_TYPE_NO,SERIAL_NO,STATUS,VERSION,UPDATE_DT,ISSUE_NO,ITEM_NO) values (1,989,'I',0,to_timestamp('30/08/09 06:09:07.000000000 PM','DD/MM/RR HH12:MI:SS.FF AM'),14,608);
Insert into IMTB_ITEM (ITEM_TYPE_NO,SERIAL_NO,STATUS,VERSION,UPDATE_DT,ISSUE_NO,ITEM_NO) values (1,990,'I',0,to_timestamp('30/08/09 06:09:07.000000000 PM','DD/MM/RR HH12:MI:SS.FF AM'),14,609);
Insert into IMTB_ITEM (ITEM_TYPE_NO,SERIAL_NO,STATUS,VERSION,UPDATE_DT,ISSUE_NO,ITEM_NO) values (1,991,'I',0,to_timestamp('30/08/09 06:09:07.000000000 PM','DD/MM/RR HH12:MI:SS.FF AM'),14,610);
Insert into IMTB_ITEM (ITEM_TYPE_NO,SERIAL_NO,STATUS,VERSION,UPDATE_DT,ISSUE_NO,ITEM_NO) values (1,992,'I',0,to_timestamp('30/08/09 06:09:07.000000000 PM','DD/MM/RR HH12:MI:SS.FF AM'),14,611);
Insert into IMTB_ITEM (ITEM_TYPE_NO,SERIAL_NO,STATUS,VERSION,UPDATE_DT,ISSUE_NO,ITEM_NO) values (1,993,'I',0,to_timestamp('30/08/09 06:09:07.000000000 PM','DD/MM/RR HH12:MI:SS.FF AM'),14,612);
Insert into IMTB_ITEM (ITEM_TYPE_NO,SERIAL_NO,STATUS,VERSION,UPDATE_DT,ISSUE_NO,ITEM_NO) values (1,994,'I',0,to_timestamp('30/08/09 06:09:07.000000000 PM','DD/MM/RR HH12:MI:SS.FF AM'),14,613);
Insert into IMTB_ITEM (ITEM_TYPE_NO,SERIAL_NO,STATUS,VERSION,UPDATE_DT,ISSUE_NO,ITEM_NO) values (1,995,'I',0,to_timestamp('30/08/09 06:09:07.000000000 PM','DD/MM/RR HH12:MI:SS.FF AM'),14,614);
Insert into IMTB_ITEM (ITEM_TYPE_NO,SERIAL_NO,STATUS,VERSION,UPDATE_DT,ISSUE_NO,ITEM_NO) values (1,996,'I',0,to_timestamp('30/08/09 06:09:07.000000000 PM','DD/MM/RR HH12:MI:SS.FF AM'),14,615);
Insert into IMTB_ITEM (ITEM_TYPE_NO,SERIAL_NO,STATUS,VERSION,UPDATE_DT,ISSUE_NO,ITEM_NO) values (1,997,'I',0,to_timestamp('30/08/09 06:09:07.000000000 PM','DD/MM/RR HH12:MI:SS.FF AM'),14,616);
Insert into IMTB_ITEM (ITEM_TYPE_NO,SERIAL_NO,STATUS,VERSION,UPDATE_DT,ISSUE_NO,ITEM_NO) values (1,998,'I',0,to_timestamp('30/08/09 06:09:07.000000000 PM','DD/MM/RR HH12:MI:SS.FF AM'),14,617);
Insert into IMTB_ITEM (ITEM_TYPE_NO,SERIAL_NO,STATUS,VERSION,UPDATE_DT,ISSUE_NO,ITEM_NO) values (1,999,'I',0,to_timestamp('30/08/09 06:09:07.000000000 PM','DD/MM/RR HH12:MI:SS.FF AM'),14,618);
Insert into IMTB_ITEM (ITEM_TYPE_NO,SERIAL_NO,STATUS,VERSION,UPDATE_DT,ISSUE_NO,ITEM_NO) values (1,1000,'I',0,to_timestamp('30/08/09 06:09:07.000000000 PM','DD/MM/RR HH12:MI:SS.FF AM'),14,619);
Insert into IMTB_ITEM (ITEM_TYPE_NO,SERIAL_NO,STATUS,VERSION,UPDATE_DT,ISSUE_NO,ITEM_NO) values (1,1001,'I',0,to_timestamp('31/08/09 01:17:36.000000000 PM','DD/MM/RR HH12:MI:SS.FF AM'),15,1320);
Insert into IMTB_ITEM (ITEM_TYPE_NO,SERIAL_NO,STATUS,VERSION,UPDATE_DT,ISSUE_NO,ITEM_NO) values (1,1002,'I',0,to_timestamp('31/08/09 01:17:36.000000000 PM','DD/MM/RR HH12:MI:SS.FF AM'),15,1321);
Insert into IMTB_ITEM (ITEM_TYPE_NO,SERIAL_NO,STATUS,VERSION,UPDATE_DT,ISSUE_NO,ITEM_NO) values (1,1003,'I',0,to_timestamp('31/08/09 01:17:36.000000000 PM','DD/MM/RR HH12:MI:SS.FF AM'),15,1322);
Insert into IMTB_ITEM (ITEM_TYPE_NO,SERIAL_NO,STATUS,VERSION,UPDATE_DT,ISSUE_NO,ITEM_NO) values (1,1004,'I',0,to_timestamp('31/08/09 01:17:36.000000000 PM','DD/MM/RR HH12:MI:SS.FF AM'),15,1323);
Insert into IMTB_ITEM (ITEM_TYPE_NO,SERIAL_NO,STATUS,VERSION,UPDATE_DT,ISSUE_NO,ITEM_NO) values (1,1005,'I',0,to_timestamp('31/08/09 01:17:36.000000000 PM','DD/MM/RR HH12:MI:SS.FF AM'),15,1324);
Insert into IMTB_ITEM (ITEM_TYPE_NO,SERIAL_NO,STATUS,VERSION,UPDATE_DT,ISSUE_NO,ITEM_NO) values (1,1006,'I',0,to_timestamp('31/08/09 01:17:36.000000000 PM','DD/MM/RR HH12:MI:SS.FF AM'),15,1325);
Insert into IMTB_ITEM (ITEM_TYPE_NO,SERIAL_NO,STATUS,VERSION,UPDATE_DT,ISSUE_NO,ITEM_NO) values (1,1007,'I',0,to_timestamp('31/08/09 01:17:36.000000000 PM','DD/MM/RR HH12:MI:SS.FF AM'),15,1326);
Insert into IMTB_ITEM (ITEM_TYPE_NO,SERIAL_NO,STATUS,VERSION,UPDATE_DT,ISSUE_NO,ITEM_NO) values (1,1008,'I',0,to_timestamp('31/08/09 01:17:36.000000000 PM','DD/MM/RR HH12:MI:SS.FF AM'),15,1327);
Insert into IMTB_ITEM (ITEM_TYPE_NO,SERIAL_NO,STATUS,VERSION,UPDATE_DT,ISSUE_NO,ITEM_NO) values (1,1009,'I',0,to_timestamp('31/08/09 01:17:36.000000000 PM','DD/MM/RR HH12:MI:SS.FF AM'),15,1328);
Insert into IMTB_ITEM (ITEM_TYPE_NO,SERIAL_NO,STATUS,VERSION,UPDATE_DT,ISSUE_NO,ITEM_NO) values (1,1010,'I',0,to_timestamp('31/08/09 01:17:36.000000000 PM','DD/MM/RR HH12:MI:SS.FF AM'),15,1329);
Insert into IMTB_ITEM (ITEM_TYPE_NO,SERIAL_NO,STATUS,VERSION,UPDATE_DT,ISSUE_NO,ITEM_NO) values (1,1011,'I',0,to_timestamp('31/08/09 01:17:36.000000000 PM','DD/MM/RR HH12:MI:SS.FF AM'),15,1330);
Insert into IMTB_ITEM (ITEM_TYPE_NO,SERIAL_NO,STATUS,VERSION,UPDATE_DT,ISSUE_NO,ITEM_NO) values (1,1012,'I',0,to_timestamp('31/08/09 01:17:36.000000000 PM','DD/MM/RR HH12:MI:SS.FF AM'),15,1331);
Insert into IMTB_ITEM (ITEM_TYPE_NO,SERIAL_NO,STATUS,VERSION,UPDATE_DT,ISSUE_NO,ITEM_NO) values (1,1013,'I',0,to_timestamp('31/08/09 01:17:36.000000000 PM','DD/MM/RR HH12:MI:SS.FF AM'),15,1332);
Insert into IMTB_ITEM (ITEM_TYPE_NO,SERIAL_NO,STATUS,VERSION,UPDATE_DT,ISSUE_NO,ITEM_NO) values (1,1014,'I',0,to_timestamp('31/08/09 01:17:36.000000000 PM','DD/MM/RR HH12:MI:SS.FF AM'),15,1333);
Insert into IMTB_ITEM (ITEM_TYPE_NO,SERIAL_NO,STATUS,VERSION,UPDATE_DT,ISSUE_NO,ITEM_NO) values (1,1015,'I',0,to_timestamp('31/08/09 01:17:36.000000000 PM','DD/MM/RR HH12:MI:SS.FF AM'),15,1334);
Insert into IMTB_ITEM (ITEM_TYPE_NO,SERIAL_NO,STATUS,VERSION,UPDATE_DT,ISSUE_NO,ITEM_NO) values (1,1016,'I',0,to_timestamp('31/08/09 01:17:36.000000000 PM','DD/MM/RR HH12:MI:SS.FF AM'),15,1335);
Insert into IMTB_ITEM (ITEM_TYPE_NO,SERIAL_NO,STATUS,VERSION,UPDATE_DT,ISSUE_NO,ITEM_NO) values (1,1017,'I',0,to_timestamp('31/08/09 01:17:36.000000000 PM','DD/MM/RR HH12:MI:SS.FF AM'),15,1336);
Insert into IMTB_ITEM (ITEM_TYPE_NO,SERIAL_NO,STATUS,VERSION,UPDATE_DT,ISSUE_NO,ITEM_NO) values (1,1018,'I',0,to_timestamp('31/08/09 01:17:36.000000000 PM','DD/MM/RR HH12:MI:SS.FF AM'),15,1337);
Insert into IMTB_ITEM (ITEM_TYPE_NO,SERIAL_NO,STATUS,VERSION,UPDATE_DT,ISSUE_NO,ITEM_NO) values (1,1019,'I',0,to_timestamp('31/08/09 01:17:36.000000000 PM','DD/MM/RR HH12:MI:SS.FF AM'),15,1338);
Insert into IMTB_ITEM (ITEM_TYPE_NO,SERIAL_NO,STATUS,VERSION,UPDATE_DT,ISSUE_NO,ITEM_NO) values (1,1020,'I',0,to_timestamp('31/08/09 01:17:36.000000000 PM','DD/MM/RR HH12:MI:SS.FF AM'),15,1339);
Insert into IMTB_ITEM (ITEM_TYPE_NO,SERIAL_NO,STATUS,VERSION,UPDATE_DT,ISSUE_NO,ITEM_NO) values (1,1021,'I',0,to_timestamp('31/08/09 01:17:36.000000000 PM','DD/MM/RR HH12:MI:SS.FF AM'),15,1340);
Insert into IMTB_ITEM (ITEM_TYPE_NO,SERIAL_NO,STATUS,VERSION,UPDATE_DT,ISSUE_NO,ITEM_NO) values (1,1022,'I',0,to_timestamp('31/08/09 01:17:36.000000000 PM','DD/MM/RR HH12:MI:SS.FF AM'),15,1341);
Insert into IMTB_ITEM (ITEM_TYPE_NO,SERIAL_NO,STATUS,VERSION,UPDATE_DT,ISSUE_NO,ITEM_NO) values (1,1023,'I',0,to_timestamp('31/08/09 01:17:36.000000000 PM','DD/MM/RR HH12:MI:SS.FF AM'),15,1342);
Insert into IMTB_ITEM (ITEM_TYPE_NO,SERIAL_NO,STATUS,VERSION,UPDATE_DT,ISSUE_NO,ITEM_NO) values (1,1024,'I',0,to_timestamp('31/08/09 01:17:36.000000000 PM','DD/MM/RR HH12:MI:SS.FF AM'),15,1343);
Insert into IMTB_ITEM (ITEM_TYPE_NO,SERIAL_NO,STATUS,VERSION,UPDATE_DT,ISSUE_NO,ITEM_NO) values (1,1025,'I',0,to_timestamp('31/08/09 01:17:36.000000000 PM','DD/MM/RR HH12:MI:SS.FF AM'),15,1344);
Insert into IMTB_ITEM (ITEM_TYPE_NO,SERIAL_NO,STATUS,VERSION,UPDATE_DT,ISSUE_NO,ITEM_NO) values (1,1026,'I',0,to_timestamp('31/08/09 01:17:36.000000000 PM','DD/MM/RR HH12:MI:SS.FF AM'),15,1345);
Insert into IMTB_ITEM (ITEM_TYPE_NO,SERIAL_NO,STATUS,VERSION,UPDATE_DT,ISSUE_NO,ITEM_NO) values (1,1027,'I',0,to_timestamp('31/08/09 01:17:36.000000000 PM','DD/MM/RR HH12:MI:SS.FF AM'),15,1346);
Insert into IMTB_ITEM (ITEM_TYPE_NO,SERIAL_NO,STATUS,VERSION,UPDATE_DT,ISSUE_NO,ITEM_NO) values (1,1028,'I',0,to_timestamp('31/08/09 01:17:36.000000000 PM','DD/MM/RR HH12:MI:SS.FF AM'),15,1347);
Insert into IMTB_ITEM (ITEM_TYPE_NO,SERIAL_NO,STATUS,VERSION,UPDATE_DT,ISSUE_NO,ITEM_NO) values (1,1029,'I',0,to_timestamp('31/08/09 01:17:36.000000000 PM','DD/MM/RR HH12:MI:SS.FF AM'),15,1348);
Insert into IMTB_ITEM (ITEM_TYPE_NO,SERIAL_NO,STATUS,VERSION,UPDATE_DT,ISSUE_NO,ITEM_NO) values (1,1030,'I',0,to_timestamp('31/08/09 01:17:36.000000000 PM','DD/MM/RR HH12:MI:SS.FF AM'),15,1349);
Insert into IMTB_ITEM (ITEM_TYPE_NO,SERIAL_NO,STATUS,VERSION,UPDATE_DT,ISSUE_NO,ITEM_NO) values (1,1031,'I',0,to_timestamp('31/08/09 01:17:36.000000000 PM','DD/MM/RR HH12:MI:SS.FF AM'),15,1350);
Insert into IMTB_ITEM (ITEM_TYPE_NO,SERIAL_NO,STATUS,VERSION,UPDATE_DT,ISSUE_NO,ITEM_NO) values (1,1032,'I',0,to_timestamp('31/08/09 01:17:36.000000000 PM','DD/MM/RR HH12:MI:SS.FF AM'),15,1351);
Insert into IMTB_ITEM (ITEM_TYPE_NO,SERIAL_NO,STATUS,VERSION,UPDATE_DT,ISSUE_NO,ITEM_NO) values (1,1033,'I',0,to_timestamp('31/08/09 01:17:36.000000000 PM','DD/MM/RR HH12:MI:SS.FF AM'),15,1352);
Insert into IMTB_ITEM (ITEM_TYPE_NO,SERIAL_NO,STATUS,VERSION,UPDATE_DT,ISSUE_NO,ITEM_NO) values (1,1034,'I',0,to_timestamp('31/08/09 01:17:36.000000000 PM','DD/MM/RR HH12:MI:SS.FF AM'),15,1353);
Insert into IMTB_ITEM (ITEM_TYPE_NO,SERIAL_NO,STATUS,VERSION,UPDATE_DT,ISSUE_NO,ITEM_NO) values (1,1035,'I',0,to_timestamp('31/08/09 01:17:36.000000000 PM','DD/MM/RR HH12:MI:SS.FF AM'),15,1354);
Insert into IMTB_ITEM (ITEM_TYPE_NO,SERIAL_NO,STATUS,VERSION,UPDATE_DT,ISSUE_NO,ITEM_NO) values (1,1036,'I',0,to_timestamp('31/08/09 01:17:36.000000000 PM','DD/MM/RR HH12:MI:SS.FF AM'),15,1355);
Insert into IMTB_ITEM (ITEM_TYPE_NO,SERIAL_NO,STATUS,VERSION,UPDATE_DT,ISSUE_NO,ITEM_NO) values (1,1037,'I',0,to_timestamp('31/08/09 01:17:36.000000000 PM','DD/MM/RR HH12:MI:SS.FF AM'),15,1356);
Insert into IMTB_ITEM (ITEM_TYPE_NO,SERIAL_NO,STATUS,VERSION,UPDATE_DT,ISSUE_NO,ITEM_NO) values (1,1038,'I',0,to_timestamp('31/08/09 01:17:36.000000000 PM','DD/MM/RR HH12:MI:SS.FF AM'),15,1357);
Insert into IMTB_ITEM (ITEM_TYPE_NO,SERIAL_NO,STATUS,VERSION,UPDATE_DT,ISSUE_NO,ITEM_NO) values (1,1039,'I',0,to_timestamp('31/08/09 01:17:36.000000000 PM','DD/MM/RR HH12:MI:SS.FF AM'),15,1358);
Insert into IMTB_ITEM (ITEM_TYPE_NO,SERIAL_NO,STATUS,VERSION,UPDATE_DT,ISSUE_NO,ITEM_NO) values (1,1040,'I',0,to_timestamp('31/08/09 01:17:36.000000000 PM','DD/MM/RR HH12:MI:SS.FF AM'),15,1359);
Insert into IMTB_ITEM (ITEM_TYPE_NO,SERIAL_NO,STATUS,VERSION,UPDATE_DT,ISSUE_NO,ITEM_NO) values (1,1041,'I',0,to_timestamp('31/08/09 01:17:36.000000000 PM','DD/MM/RR HH12:MI:SS.FF AM'),15,1360);
Insert into IMTB_ITEM (ITEM_TYPE_NO,SERIAL_NO,STATUS,VERSION,UPDATE_DT,ISSUE_NO,ITEM_NO) values (1,1042,'I',0,to_timestamp('31/08/09 01:17:36.000000000 PM','DD/MM/RR HH12:MI:SS.FF AM'),15,1361);
Insert into IMTB_ITEM (ITEM_TYPE_NO,SERIAL_NO,STATUS,VERSION,UPDATE_DT,ISSUE_NO,ITEM_NO) values (1,1043,'I',0,to_timestamp('31/08/09 01:17:36.000000000 PM','DD/MM/RR HH12:MI:SS.FF AM'),15,1362);
Insert into IMTB_ITEM (ITEM_TYPE_NO,SERIAL_NO,STATUS,VERSION,UPDATE_DT,ISSUE_NO,ITEM_NO) values (1,1044,'I',0,to_timestamp('31/08/09 01:17:36.000000000 PM','DD/MM/RR HH12:MI:SS.FF AM'),15,1363);
Insert into IMTB_ITEM (ITEM_TYPE_NO,SERIAL_NO,STATUS,VERSION,UPDATE_DT,ISSUE_NO,ITEM_NO) values (1,1045,'I',0,to_timestamp('31/08/09 01:17:36.000000000 PM','DD/MM/RR HH12:MI:SS.FF AM'),15,1364);
Insert into IMTB_ITEM (ITEM_TYPE_NO,SERIAL_NO,STATUS,VERSION,UPDATE_DT,ISSUE_NO,ITEM_NO) values (1,1046,'I',0,to_timestamp('31/08/09 01:17:36.000000000 PM','DD/MM/RR HH12:MI:SS.FF AM'),15,1365);
Insert into IMTB_ITEM (ITEM_TYPE_NO,SERIAL_NO,STATUS,VERSION,UPDATE_DT,ISSUE_NO,ITEM_NO) values (1,1047,'I',0,to_timestamp('31/08/09 01:17:36.000000000 PM','DD/MM/RR HH12:MI:SS.FF AM'),15,1366);
Insert into IMTB_ITEM (ITEM_TYPE_NO,SERIAL_NO,STATUS,VERSION,UPDATE_DT,ISSUE_NO,ITEM_NO) values (1,1048,'I',0,to_timestamp('31/08/09 01:17:36.000000000 PM','DD/MM/RR HH12:MI:SS.FF AM'),15,1367);
Insert into IMTB_ITEM (ITEM_TYPE_NO,SERIAL_NO,STATUS,VERSION,UPDATE_DT,ISSUE_NO,ITEM_NO) values (1,1049,'I',0,to_timestamp('31/08/09 01:17:36.000000000 PM','DD/MM/RR HH12:MI:SS.FF AM'),15,1368);
Insert into IMTB_ITEM (ITEM_TYPE_NO,SERIAL_NO,STATUS,VERSION,UPDATE_DT,ISSUE_NO,ITEM_NO) values (1,1050,'I',0,to_timestamp('31/08/09 01:17:36.000000000 PM','DD/MM/RR HH12:MI:SS.FF AM'),15,1369);
Insert into IMTB_ITEM (ITEM_TYPE_NO,SERIAL_NO,STATUS,VERSION,UPDATE_DT,ISSUE_NO,ITEM_NO) values (1,1051,'I',0,to_timestamp('31/08/09 01:17:36.000000000 PM','DD/MM/RR HH12:MI:SS.FF AM'),15,1370);
Insert into IMTB_ITEM (ITEM_TYPE_NO,SERIAL_NO,STATUS,VERSION,UPDATE_DT,ISSUE_NO,ITEM_NO) values (1,1052,'I',0,to_timestamp('31/08/09 01:17:36.000000000 PM','DD/MM/RR HH12:MI:SS.FF AM'),15,1371);
Insert into IMTB_ITEM (ITEM_TYPE_NO,SERIAL_NO,STATUS,VERSION,UPDATE_DT,ISSUE_NO,ITEM_NO) values (1,1053,'I',0,to_timestamp('31/08/09 01:17:36.000000000 PM','DD/MM/RR HH12:MI:SS.FF AM'),15,1372);
Insert into IMTB_ITEM (ITEM_TYPE_NO,SERIAL_NO,STATUS,VERSION,UPDATE_DT,ISSUE_NO,ITEM_NO) values (1,1054,'I',0,to_timestamp('31/08/09 01:17:36.000000000 PM','DD/MM/RR HH12:MI:SS.FF AM'),15,1373);
Insert into IMTB_ITEM (ITEM_TYPE_NO,SERIAL_NO,STATUS,VERSION,UPDATE_DT,ISSUE_NO,ITEM_NO) values (1,1055,'I',0,to_timestamp('31/08/09 01:17:36.000000000 PM','DD/MM/RR HH12:MI:SS.FF AM'),15,1374);
Insert into IMTB_ITEM (ITEM_TYPE_NO,SERIAL_NO,STATUS,VERSION,UPDATE_DT,ISSUE_NO,ITEM_NO) values (1,1056,'I',0,to_timestamp('31/08/09 01:17:36.000000000 PM','DD/MM/RR HH12:MI:SS.FF AM'),15,1375);
Insert into IMTB_ITEM (ITEM_TYPE_NO,SERIAL_NO,STATUS,VERSION,UPDATE_DT,ISSUE_NO,ITEM_NO) values (1,1057,'I',0,to_timestamp('31/08/09 01:17:36.000000000 PM','DD/MM/RR HH12:MI:SS.FF AM'),15,1376);
Insert into IMTB_ITEM (ITEM_TYPE_NO,SERIAL_NO,STATUS,VERSION,UPDATE_DT,ISSUE_NO,ITEM_NO) values (1,1058,'I',0,to_timestamp('31/08/09 01:17:36.000000000 PM','DD/MM/RR HH12:MI:SS.FF AM'),15,1377);
Insert into IMTB_ITEM (ITEM_TYPE_NO,SERIAL_NO,STATUS,VERSION,UPDATE_DT,ISSUE_NO,ITEM_NO) values (1,1059,'I',0,to_timestamp('31/08/09 01:17:36.000000000 PM','DD/MM/RR HH12:MI:SS.FF AM'),15,1378);
Insert into IMTB_ITEM (ITEM_TYPE_NO,SERIAL_NO,STATUS,VERSION,UPDATE_DT,ISSUE_NO,ITEM_NO) values (1,1060,'I',0,to_timestamp('31/08/09 01:17:36.000000000 PM','DD/MM/RR HH12:MI:SS.FF AM'),15,1379);
Insert into IMTB_ITEM (ITEM_TYPE_NO,SERIAL_NO,STATUS,VERSION,UPDATE_DT,ISSUE_NO,ITEM_NO) values (1,1061,'I',0,to_timestamp('31/08/09 01:17:36.000000000 PM','DD/MM/RR HH12:MI:SS.FF AM'),15,1380);
Insert into IMTB_ITEM (ITEM_TYPE_NO,SERIAL_NO,STATUS,VERSION,UPDATE_DT,ISSUE_NO,ITEM_NO) values (1,1062,'I',0,to_timestamp('31/08/09 01:17:36.000000000 PM','DD/MM/RR HH12:MI:SS.FF AM'),15,1381);
Insert into IMTB_ITEM (ITEM_TYPE_NO,SERIAL_NO,STATUS,VERSION,UPDATE_DT,ISSUE_NO,ITEM_NO) values (1,1063,'I',0,to_timestamp('31/08/09 01:17:36.000000000 PM','DD/MM/RR HH12:MI:SS.FF AM'),15,1382);
Insert into IMTB_ITEM (ITEM_TYPE_NO,SERIAL_NO,STATUS,VERSION,UPDATE_DT,ISSUE_NO,ITEM_NO) values (1,1064,'I',0,to_timestamp('31/08/09 01:17:36.000000000 PM','DD/MM/RR HH12:MI:SS.FF AM'),15,1383);
Insert into IMTB_ITEM (ITEM_TYPE_NO,SERIAL_NO,STATUS,VERSION,UPDATE_DT,ISSUE_NO,ITEM_NO) values (1,1065,'I',0,to_timestamp('31/08/09 01:17:36.000000000 PM','DD/MM/RR HH12:MI:SS.FF AM'),15,1384);
Insert into IMTB_ITEM (ITEM_TYPE_NO,SERIAL_NO,STATUS,VERSION,UPDATE_DT,ISSUE_NO,ITEM_NO) values (1,1066,'I',0,to_timestamp('31/08/09 01:17:36.000000000 PM','DD/MM/RR HH12:MI:SS.FF AM'),15,1385);
Insert into IMTB_ITEM (ITEM_TYPE_NO,SERIAL_NO,STATUS,VERSION,UPDATE_DT,ISSUE_NO,ITEM_NO) values (1,1067,'I',0,to_timestamp('31/08/09 01:17:36.000000000 PM','DD/MM/RR HH12:MI:SS.FF AM'),15,1386);
Insert into IMTB_ITEM (ITEM_TYPE_NO,SERIAL_NO,STATUS,VERSION,UPDATE_DT,ISSUE_NO,ITEM_NO) values (1,1068,'I',0,to_timestamp('31/08/09 01:17:36.000000000 PM','DD/MM/RR HH12:MI:SS.FF AM'),15,1387);
Insert into IMTB_ITEM (ITEM_TYPE_NO,SERIAL_NO,STATUS,VERSION,UPDATE_DT,ISSUE_NO,ITEM_NO) values (1,1069,'I',0,to_timestamp('31/08/09 01:17:36.000000000 PM','DD/MM/RR HH12:MI:SS.FF AM'),15,1388);
Insert into IMTB_ITEM (ITEM_TYPE_NO,SERIAL_NO,STATUS,VERSION,UPDATE_DT,ISSUE_NO,ITEM_NO) values (1,1070,'I',0,to_timestamp('31/08/09 01:17:36.000000000 PM','DD/MM/RR HH12:MI:SS.FF AM'),15,1389);
Insert into IMTB_ITEM (ITEM_TYPE_NO,SERIAL_NO,STATUS,VERSION,UPDATE_DT,ISSUE_NO,ITEM_NO) values (1,1071,'I',0,to_timestamp('31/08/09 01:17:36.000000000 PM','DD/MM/RR HH12:MI:SS.FF AM'),15,1390);
Insert into IMTB_ITEM (ITEM_TYPE_NO,SERIAL_NO,STATUS,VERSION,UPDATE_DT,ISSUE_NO,ITEM_NO) values (1,1072,'I',0,to_timestamp('31/08/09 01:17:36.000000000 PM','DD/MM/RR HH12:MI:SS.FF AM'),15,1391);
Insert into IMTB_ITEM (ITEM_TYPE_NO,SERIAL_NO,STATUS,VERSION,UPDATE_DT,ISSUE_NO,ITEM_NO) values (1,1073,'I',0,to_timestamp('31/08/09 01:17:36.000000000 PM','DD/MM/RR HH12:MI:SS.FF AM'),15,1392);
Insert into IMTB_ITEM (ITEM_TYPE_NO,SERIAL_NO,STATUS,VERSION,UPDATE_DT,ISSUE_NO,ITEM_NO) values (1,1074,'I',0,to_timestamp('31/08/09 01:17:36.000000000 PM','DD/MM/RR HH12:MI:SS.FF AM'),15,1393);
Insert into IMTB_ITEM (ITEM_TYPE_NO,SERIAL_NO,STATUS,VERSION,UPDATE_DT,ISSUE_NO,ITEM_NO) values (1,1075,'I',0,to_timestamp('31/08/09 01:17:36.000000000 PM','DD/MM/RR HH12:MI:SS.FF AM'),15,1394);
Insert into IMTB_ITEM (ITEM_TYPE_NO,SERIAL_NO,STATUS,VERSION,UPDATE_DT,ISSUE_NO,ITEM_NO) values (1,1076,'I',0,to_timestamp('31/08/09 01:17:36.000000000 PM','DD/MM/RR HH12:MI:SS.FF AM'),15,1395);
Insert into IMTB_ITEM (ITEM_TYPE_NO,SERIAL_NO,STATUS,VERSION,UPDATE_DT,ISSUE_NO,ITEM_NO) values (1,1077,'I',0,to_timestamp('31/08/09 01:17:36.000000000 PM','DD/MM/RR HH12:MI:SS.FF AM'),15,1396);
Insert into IMTB_ITEM (ITEM_TYPE_NO,SERIAL_NO,STATUS,VERSION,UPDATE_DT,ISSUE_NO,ITEM_NO) values (1,1078,'I',0,to_timestamp('31/08/09 01:17:36.000000000 PM','DD/MM/RR HH12:MI:SS.FF AM'),15,1397);
Insert into IMTB_ITEM (ITEM_TYPE_NO,SERIAL_NO,STATUS,VERSION,UPDATE_DT,ISSUE_NO,ITEM_NO) values (1,1079,'I',0,to_timestamp('31/08/09 01:17:36.000000000 PM','DD/MM/RR HH12:MI:SS.FF AM'),15,1398);
Insert into IMTB_ITEM (ITEM_TYPE_NO,SERIAL_NO,STATUS,VERSION,UPDATE_DT,ISSUE_NO,ITEM_NO) values (1,1080,'I',0,to_timestamp('31/08/09 01:17:36.000000000 PM','DD/MM/RR HH12:MI:SS.FF AM'),15,1399);
Insert into IMTB_ITEM (ITEM_TYPE_NO,SERIAL_NO,STATUS,VERSION,UPDATE_DT,ISSUE_NO,ITEM_NO) values (1,1081,'I',0,to_timestamp('31/08/09 01:17:36.000000000 PM','DD/MM/RR HH12:MI:SS.FF AM'),15,1400);
Insert into IMTB_ITEM (ITEM_TYPE_NO,SERIAL_NO,STATUS,VERSION,UPDATE_DT,ISSUE_NO,ITEM_NO) values (1,1082,'I',0,to_timestamp('31/08/09 01:17:36.000000000 PM','DD/MM/RR HH12:MI:SS.FF AM'),15,1401);
Insert into IMTB_ITEM (ITEM_TYPE_NO,SERIAL_NO,STATUS,VERSION,UPDATE_DT,ISSUE_NO,ITEM_NO) values (1,1083,'I',0,to_timestamp('31/08/09 01:17:36.000000000 PM','DD/MM/RR HH12:MI:SS.FF AM'),15,1402);
Insert into IMTB_ITEM (ITEM_TYPE_NO,SERIAL_NO,STATUS,VERSION,UPDATE_DT,ISSUE_NO,ITEM_NO) values (1,1084,'I',0,to_timestamp('31/08/09 01:17:36.000000000 PM','DD/MM/RR HH12:MI:SS.FF AM'),15,1403);
Insert into IMTB_ITEM (ITEM_TYPE_NO,SERIAL_NO,STATUS,VERSION,UPDATE_DT,ISSUE_NO,ITEM_NO) values (1,1085,'I',0,to_timestamp('31/08/09 01:17:36.000000000 PM','DD/MM/RR HH12:MI:SS.FF AM'),15,1404);
Insert into IMTB_ITEM (ITEM_TYPE_NO,SERIAL_NO,STATUS,VERSION,UPDATE_DT,ISSUE_NO,ITEM_NO) values (1,1086,'I',0,to_timestamp('31/08/09 01:17:36.000000000 PM','DD/MM/RR HH12:MI:SS.FF AM'),15,1405);
Insert into IMTB_ITEM (ITEM_TYPE_NO,SERIAL_NO,STATUS,VERSION,UPDATE_DT,ISSUE_NO,ITEM_NO) values (1,1087,'I',0,to_timestamp('31/08/09 01:17:36.000000000 PM','DD/MM/RR HH12:MI:SS.FF AM'),15,1406);
Insert into IMTB_ITEM (ITEM_TYPE_NO,SERIAL_NO,STATUS,VERSION,UPDATE_DT,ISSUE_NO,ITEM_NO) values (1,1088,'I',0,to_timestamp('31/08/09 01:17:36.000000000 PM','DD/MM/RR HH12:MI:SS.FF AM'),15,1407);
Insert into IMTB_ITEM (ITEM_TYPE_NO,SERIAL_NO,STATUS,VERSION,UPDATE_DT,ISSUE_NO,ITEM_NO) values (1,1089,'I',0,to_timestamp('31/08/09 01:17:36.000000000 PM','DD/MM/RR HH12:MI:SS.FF AM'),15,1408);
Insert into IMTB_ITEM (ITEM_TYPE_NO,SERIAL_NO,STATUS,VERSION,UPDATE_DT,ISSUE_NO,ITEM_NO) values (1,1090,'I',0,to_timestamp('31/08/09 01:17:36.000000000 PM','DD/MM/RR HH12:MI:SS.FF AM'),15,1409);
Insert into IMTB_ITEM (ITEM_TYPE_NO,SERIAL_NO,STATUS,VERSION,UPDATE_DT,ISSUE_NO,ITEM_NO) values (1,1091,'I',0,to_timestamp('31/08/09 01:17:36.000000000 PM','DD/MM/RR HH12:MI:SS.FF AM'),15,1410);
Insert into IMTB_ITEM (ITEM_TYPE_NO,SERIAL_NO,STATUS,VERSION,UPDATE_DT,ISSUE_NO,ITEM_NO) values (1,1092,'I',0,to_timestamp('31/08/09 01:17:36.000000000 PM','DD/MM/RR HH12:MI:SS.FF AM'),15,1411);
Insert into IMTB_ITEM (ITEM_TYPE_NO,SERIAL_NO,STATUS,VERSION,UPDATE_DT,ISSUE_NO,ITEM_NO) values (1,1093,'I',0,to_timestamp('31/08/09 01:17:36.000000000 PM','DD/MM/RR HH12:MI:SS.FF AM'),15,1412);
Insert into IMTB_ITEM (ITEM_TYPE_NO,SERIAL_NO,STATUS,VERSION,UPDATE_DT,ISSUE_NO,ITEM_NO) values (1,1094,'I',0,to_timestamp('31/08/09 01:17:36.000000000 PM','DD/MM/RR HH12:MI:SS.FF AM'),15,1413);
Insert into IMTB_ITEM (ITEM_TYPE_NO,SERIAL_NO,STATUS,VERSION,UPDATE_DT,ISSUE_NO,ITEM_NO) values (1,1095,'I',0,to_timestamp('31/08/09 01:17:36.000000000 PM','DD/MM/RR HH12:MI:SS.FF AM'),15,1414);
Insert into IMTB_ITEM (ITEM_TYPE_NO,SERIAL_NO,STATUS,VERSION,UPDATE_DT,ISSUE_NO,ITEM_NO) values (1,1096,'I',0,to_timestamp('31/08/09 01:17:36.000000000 PM','DD/MM/RR HH12:MI:SS.FF AM'),15,1415);
Insert into IMTB_ITEM (ITEM_TYPE_NO,SERIAL_NO,STATUS,VERSION,UPDATE_DT,ISSUE_NO,ITEM_NO) values (1,1097,'I',0,to_timestamp('31/08/09 01:17:36.000000000 PM','DD/MM/RR HH12:MI:SS.FF AM'),15,1416);
Insert into IMTB_ITEM (ITEM_TYPE_NO,SERIAL_NO,STATUS,VERSION,UPDATE_DT,ISSUE_NO,ITEM_NO) values (1,1098,'I',0,to_timestamp('31/08/09 01:17:36.000000000 PM','DD/MM/RR HH12:MI:SS.FF AM'),15,1417);
Insert into IMTB_ITEM (ITEM_TYPE_NO,SERIAL_NO,STATUS,VERSION,UPDATE_DT,ISSUE_NO,ITEM_NO) values (1,1099,'I',0,to_timestamp('31/08/09 01:17:36.000000000 PM','DD/MM/RR HH12:MI:SS.FF AM'),15,1418);
Insert into IMTB_ITEM (ITEM_TYPE_NO,SERIAL_NO,STATUS,VERSION,UPDATE_DT,ISSUE_NO,ITEM_NO) values (1,1100,'I',0,to_timestamp('31/08/09 01:17:36.000000000 PM','DD/MM/RR HH12:MI:SS.FF AM'),15,1419);


CREATE SEQUENCE "IMTB_ISSUE_REQ_FLOW_SQ1" MINVALUE 1 MAXVALUE 999999999999999999 INCREMENT BY 1 START WITH 49 CACHE 10 NOORDER NOCYCLE ;
CREATE SEQUENCE "IMTB_ISSUE_REQ_SQ1" MINVALUE 1 MAXVALUE 999999999999999999 INCREMENT BY 1 START WITH 21 CACHE 10 NOORDER NOCYCLE ;
CREATE SEQUENCE "IMTB_ITEM_SQ1" MINVALUE 1 MAXVALUE 999999999999999999 INCREMENT BY 1 START WITH 1426 CACHE 10 NOORDER NOCYCLE ;
CREATE SEQUENCE "IMTB_ITEM_TYPE_SQ1" MINVALUE 1 MAXVALUE 999999999999999999 INCREMENT BY 1 START WITH 17 CACHE 10 NOORDER NOCYCLE ;
CREATE SEQUENCE "IMTB_STOCK_SQ1" MINVALUE 1 MAXVALUE 999999999999999999 INCREMENT BY 1 START WITH 47 CACHE 10 NOORDER NOCYCLE ;
